[19:33:41] WARNING  DISPLAY environment variable not set. GUI    container.py:53
                    features will not be available.                             
[19:33:41] INFO     Running containerized command:              container.py:285
[19:33:42] INFO     Starting a new run of the 'Classic' flow with    flow.py:654
                    the tag 'attempt-005-full'.                                 
[19:33:42] INFO     Starting…                                  sequential.py:339
──────────────────────────────── Verilator Lint ────────────────────────────────
[19:33:42] VERBOSE  Running 'Verilator.Lint' at                     step.py:1138
                    'experiments/sram_flow_feasibility/runs/attempt             
                    -005-full/01-verilator-lint'…                               
[19:33:42] VERBOSE  Logging subprocess to                           step.py:1338
                    'experiments/sram_flow_feasibility/runs/attempt             
                    -005-full/01-verilator-lint/verilator-lint.log'             
                    …                                                           
- V e r i l a t i o n   R e p o r t: Verilator 5.046 2026-02-28 rev v5.046      
- Verilator: Built from 0.214 MB sources in 110 modules, into 0.007 MB in 3 C++ 
files needing 0.000 MB                                                          
- Verilator: Walltime 0.008 s (elab=0.001, cvt=0.002, bld=0.000); cpu 0.008 s on
1 threads; allocated 21.566 MB                                                  
────────────────────────── Lint Timing Errors Checker ──────────────────────────
[19:33:42] VERBOSE  Running 'Checker.LintTimingConstructs' at       step.py:1138
                    'experiments/sram_flow_feasibility/runs/attempt             
                    -005-full/02-checker-linttimingconstructs'…                 
[19:33:42] INFO     Check for Lint Timing Errors clear.           checker.py:412
───────────────────────────── Lint Errors Checker ──────────────────────────────
[19:33:42] VERBOSE  Running 'Checker.LintErrors' at                 step.py:1138
                    'experiments/sram_flow_feasibility/runs/attempt             
                    -005-full/03-checker-linterrors'…                           
[19:33:42] INFO     Check for Lint errors clear.                  checker.py:131
──────────────────────────── Lint Warnings Checker ─────────────────────────────
[19:33:42] VERBOSE  Running 'Checker.LintWarnings' at               step.py:1138
                    'experiments/sram_flow_feasibility/runs/attempt             
                    -005-full/04-checker-lintwarnings'…                         
[19:33:42] INFO     Check for Lint warnings clear.                checker.py:131
───────────────────────────── Generate JSON Header ─────────────────────────────
[19:33:42] VERBOSE  Running 'Yosys.JsonHeader' at                   step.py:1138
                    'experiments/sram_flow_feasibility/runs/attempt             
                    -005-full/05-yosys-jsonheader'…                             
[19:33:42] VERBOSE  Logging subprocess to                           step.py:1338
                    'experiments/sram_flow_feasibility/runs/attempt             
                    -005-full/05-yosys-jsonheader/yosys-jsonheader.             
                    log'…                                                       
                                                                                
 /----------------------------------------------------------------------------\ 
 |  yosys -- Yosys Open SYnthesis Suite                                       | 
 |  Copyright (C) 2012 - 2026  Claire Xenia Wolf <claire@yosyshq.com>         | 
 |  Distributed under an ISC-like license, type "license" to see terms        | 
 \----------------------------------------------------------------------------/ 
 Yosys 0.66 (git sha1 86f2ddebce7e98ce7cacc27e8a5c14cb53b51b51, clang++ 21.1.8  
-fPIC -O3)                                                                      
                                                                                
1. Executing Verilog-2005 frontend:                                             
/home/wayne/devel/jane/hardcaml_asic/experiments/sram_flow_feasibility/runs/atte
mpt-005-full/tmp/e79ea5e9f25e496b8b2837450aa81691.bb.v                          
Parsing SystemVerilog input from                                                
`/home/wayne/devel/jane/hardcaml_asic/experiments/sram_flow_feasibility/runs/att
empt-005-full/tmp/e79ea5e9f25e496b8b2837450aa81691.bb.v' to AST representation. 
Generating RTLIL representation for module `\sg13cmos5l_a21o_1'.                
Generating RTLIL representation for module `\sg13cmos5l_a21o_2'.                
Generating RTLIL representation for module `\sg13cmos5l_a21oi_1'.               
Generating RTLIL representation for module `\sg13cmos5l_a21oi_2'.               
Generating RTLIL representation for module `\sg13cmos5l_a221oi_1'.              
Generating RTLIL representation for module `\sg13cmos5l_a22oi_1'.               
Generating RTLIL representation for module `\sg13cmos5l_and2_1'.                
Generating RTLIL representation for module `\sg13cmos5l_and2_2'.                
Generating RTLIL representation for module `\sg13cmos5l_and3_1'.                
Generating RTLIL representation for module `\sg13cmos5l_and3_2'.                
Generating RTLIL representation for module `\sg13cmos5l_and4_1'.                
Generating RTLIL representation for module `\sg13cmos5l_and4_2'.                
Generating RTLIL representation for module `\sg13cmos5l_antennanp'.             
Generating RTLIL representation for module `\sg13cmos5l_buf_1'.                 
Generating RTLIL representation for module `\sg13cmos5l_buf_16'.                
Generating RTLIL representation for module `\sg13cmos5l_buf_2'.                 
Generating RTLIL representation for module `\sg13cmos5l_buf_4'.                 
Generating RTLIL representation for module `\sg13cmos5l_buf_8'.                 
Generating RTLIL representation for module `\sg13cmos5l_decap_4'.               
Generating RTLIL representation for module `\sg13cmos5l_decap_8'.               
Generating RTLIL representation for module `\sg13cmos5l_dfrbp_1'.               
Generating RTLIL representation for module `\sg13cmos5l_dfrbp_2'.               
Generating RTLIL representation for module `\sg13cmos5l_dfrbpq_1'.              
Generating RTLIL representation for module `\sg13cmos5l_dfrbpq_2'.              
Generating RTLIL representation for module `\sg13cmos5l_dlhq_1'.                
Generating RTLIL representation for module `\sg13cmos5l_dlhr_1'.                
Generating RTLIL representation for module `\sg13cmos5l_dlhrq_1'.               
Generating RTLIL representation for module `\sg13cmos5l_dllr_1'.                
Generating RTLIL representation for module `\sg13cmos5l_dllrq_1'.               
Generating RTLIL representation for module `\sg13cmos5l_dlygate4sd1_1'.         
Generating RTLIL representation for module `\sg13cmos5l_dlygate4sd2_1'.         
Generating RTLIL representation for module `\sg13cmos5l_dlygate4sd3_1'.         
Generating RTLIL representation for module `\sg13cmos5l_ebufn_2'.               
Generating RTLIL representation for module `\sg13cmos5l_ebufn_4'.               
Generating RTLIL representation for module `\sg13cmos5l_ebufn_8'.               
Generating RTLIL representation for module `\sg13cmos5l_einvn_2'.               
Generating RTLIL representation for module `\sg13cmos5l_einvn_4'.               
Generating RTLIL representation for module `\sg13cmos5l_einvn_8'.               
Generating RTLIL representation for module `\sg13cmos5l_fill_1'.                
Generating RTLIL representation for module `\sg13cmos5l_fill_2'.                
Generating RTLIL representation for module `\sg13cmos5l_fill_4'.                
Generating RTLIL representation for module `\sg13cmos5l_fill_8'.                
Generating RTLIL representation for module `\sg13cmos5l_inv_1'.                 
Generating RTLIL representation for module `\sg13cmos5l_inv_16'.                
Generating RTLIL representation for module `\sg13cmos5l_inv_2'.                 
Generating RTLIL representation for module `\sg13cmos5l_inv_4'.                 
Generating RTLIL representation for module `\sg13cmos5l_inv_8'.                 
Generating RTLIL representation for module `\sg13cmos5l_lgcp_1'.                
Generating RTLIL representation for module `\sg13cmos5l_mux2_1'.                
Generating RTLIL representation for module `\sg13cmos5l_mux2_2'.                
Generating RTLIL representation for module `\sg13cmos5l_mux4_1'.                
Generating RTLIL representation for module `\sg13cmos5l_nand2_1'.               
Generating RTLIL representation for module `\sg13cmos5l_nand2_2'.               
Generating RTLIL representation for module `\sg13cmos5l_nand2b_1'.              
Generating RTLIL representation for module `\sg13cmos5l_nand2b_2'.              
Generating RTLIL representation for module `\sg13cmos5l_nand3_1'.               
Generating RTLIL representation for module `\sg13cmos5l_nand3b_1'.              
Generating RTLIL representation for module `\sg13cmos5l_nand4_1'.               
Generating RTLIL representation for module `\sg13cmos5l_nor2_1'.                
Generating RTLIL representation for module `\sg13cmos5l_nor2_2'.                
Generating RTLIL representation for module `\sg13cmos5l_nor2b_1'.               
Generating RTLIL representation for module `\sg13cmos5l_nor2b_2'.               
Generating RTLIL representation for module `\sg13cmos5l_nor3_1'.                
Generating RTLIL representation for module `\sg13cmos5l_nor3_2'.                
Generating RTLIL representation for module `\sg13cmos5l_nor4_1'.                
Generating RTLIL representation for module `\sg13cmos5l_nor4_2'.                
Generating RTLIL representation for module `\sg13cmos5l_o21ai_1'.               
Generating RTLIL representation for module `\sg13cmos5l_or2_1'.                 
Generating RTLIL representation for module `\sg13cmos5l_or2_2'.                 
Generating RTLIL representation for module `\sg13cmos5l_or3_1'.                 
Generating RTLIL representation for module `\sg13cmos5l_or3_2'.                 
Generating RTLIL representation for module `\sg13cmos5l_or4_1'.                 
Generating RTLIL representation for module `\sg13cmos5l_or4_2'.                 
Generating RTLIL representation for module `\sg13cmos5l_sdfbbp_1'.              
Generating RTLIL representation for module `\sg13cmos5l_sdfrbp_1'.              
Generating RTLIL representation for module `\sg13cmos5l_sdfrbp_2'.              
Generating RTLIL representation for module `\sg13cmos5l_sdfrbpq_1'.             
Generating RTLIL representation for module `\sg13cmos5l_sdfrbpq_2'.             
Generating RTLIL representation for module `\sg13cmos5l_sighold'.               
Generating RTLIL representation for module `\sg13cmos5l_slgcp_1'.               
Generating RTLIL representation for module `\sg13cmos5l_tiehi'.                 
Generating RTLIL representation for module `\sg13cmos5l_tielo'.                 
Generating RTLIL representation for module `\sg13cmos5l_xnor2_1'.               
Generating RTLIL representation for module `\sg13cmos5l_xor2_1'.                
Successfully finished Verilog frontend.                                         
                                                                                
2. Executing Verilog-2005 frontend:                                             
/home/wayne/devel/jane/hardcaml_asic/experiments/sram_flow_feasibility/runs/atte
mpt-005-full/tmp/a561b665922e461caa0857d9520d9d24.bb.v                          
Parsing SystemVerilog input from                                                
`/home/wayne/devel/jane/hardcaml_asic/experiments/sram_flow_feasibility/runs/att
empt-005-full/tmp/a561b665922e461caa0857d9520d9d24.bb.v' to AST representation. 
Generating RTLIL representation for module `\sg13cmos5l_Corner'.                
Generating RTLIL representation for module `\sg13cmos5l_Filler1000'.            
Generating RTLIL representation for module `\sg13cmos5l_Filler10000'.           
Generating RTLIL representation for module `\sg13cmos5l_Filler200'.             
Generating RTLIL representation for module `\sg13cmos5l_Filler2000'.            
Generating RTLIL representation for module `\sg13cmos5l_Filler400'.             
Generating RTLIL representation for module `\sg13cmos5l_Filler4000'.            
Generating RTLIL representation for module `\sg13cmos5l_IOPadAnalog'.           
Generating RTLIL representation for module `\sg13cmos5l_IOPadIOVdd'.            
Generating RTLIL representation for module `\sg13cmos5l_IOPadIOVss'.            
Generating RTLIL representation for module `\sg13cmos5l_IOPadIn'.               
Generating RTLIL representation for module `\sg13cmos5l_IOPadInOut16mA'.        
Generating RTLIL representation for module `\sg13cmos5l_IOPadInOut30mA'.        
Generating RTLIL representation for module `\sg13cmos5l_IOPadInOut4mA'.         
Generating RTLIL representation for module `\sg13cmos5l_IOPadOut16mA'.          
Generating RTLIL representation for module `\sg13cmos5l_IOPadOut30mA'.          
Generating RTLIL representation for module `\sg13cmos5l_IOPadOut4mA'.           
Generating RTLIL representation for module `\sg13cmos5l_IOPadTriOut16mA'.       
Generating RTLIL representation for module `\sg13cmos5l_IOPadTriOut30mA'.       
Generating RTLIL representation for module `\sg13cmos5l_IOPadTriOut4mA'.        
Generating RTLIL representation for module `\sg13cmos5l_IOPadVdd'.              
Generating RTLIL representation for module `\sg13cmos5l_IOPadVss'.              
Successfully finished Verilog frontend.                                         
                                                                                
3. Executing Verilog-2005 frontend:                                             
/home/wayne/devel/jane/hardcaml_asic/experiments/sram_flow_feasibility/RM_IHPSG1
3_1P_256x16_c2_bm_bist.blackbox.v                                               
Parsing SystemVerilog input from                                                
`/home/wayne/devel/jane/hardcaml_asic/experiments/sram_flow_feasibility/RM_IHPSG
13_1P_256x16_c2_bm_bist.blackbox.v' to AST representation.                      
Generating RTLIL representation for module `\RM_IHPSG13_1P_256x16_c2_bm_bist'.  
Successfully finished Verilog frontend.                                         
                                                                                
4. Executing Verilog-2005 frontend:                                             
/home/wayne/devel/jane/hardcaml_asic/experiments/sram_flow_feasibility/tt_um_sra
m_probe.v                                                                       
Parsing SystemVerilog input from                                                
`/home/wayne/devel/jane/hardcaml_asic/experiments/sram_flow_feasibility/tt_um_sr
am_probe.v' to AST representation.                                              
Storing AST representation for module `$abstract\tt_um_sram_probe'.             
Storing AST representation for module                                           
`$abstract\RM_IHPSG13_1P_256x16_portable_wrapper'.                              
Successfully finished Verilog frontend.                                         
                                                                                
5. Executing HIERARCHY pass (managing design hierarchy).                        
                                                                                
6. Executing AST frontend in derive mode using pre-parsed AST for module        
`\tt_um_sram_probe'.                                                            
Generating RTLIL representation for module `\tt_um_sram_probe'.                 
                                                                                
6.1. Analyzing design hierarchy..                                               
Top module:  \tt_um_sram_probe                                                  
                                                                                
6.2. Executing AST frontend in derive mode using pre-parsed AST for module      
`\RM_IHPSG13_1P_256x16_portable_wrapper'.                                       
Generating RTLIL representation for module                                      
`\RM_IHPSG13_1P_256x16_portable_wrapper'.                                       
                                                                                
6.3. Analyzing design hierarchy..                                               
Top module:  \tt_um_sram_probe                                                  
Used module:     \RM_IHPSG13_1P_256x16_portable_wrapper                         
                                                                                
6.4. Analyzing design hierarchy..                                               
Top module:  \tt_um_sram_probe                                                  
Used module:     \RM_IHPSG13_1P_256x16_portable_wrapper                         
Removing unused module `$abstract\RM_IHPSG13_1P_256x16_portable_wrapper'.       
Removing unused module `$abstract\tt_um_sram_probe'.                            
Removed 2 unused modules.                                                       
Renaming module tt_um_sram_probe to tt_um_sram_probe.                           
                                                                                
7. Executing PROC pass (convert processes to netlists).                         
                                                                                
7.1. Executing PROC_CLEAN pass (remove empty switches from decision trees).     
Cleaned up 0 empty switches.                                                    
                                                                                
7.2. Executing PROC_RMDEAD pass (remove dead branches from decision trees).     
Removed a total of 0 dead cases.                                                
                                                                                
7.3. Executing PROC_PRUNE pass (remove redundant assignments in processes).     
Removed 0 redundant assignments.                                                
Promoted 0 assignments to connections.                                          
                                                                                
7.4. Executing PROC_INIT pass (extract init attributes).                        
                                                                                
7.5. Executing PROC_ARST pass (detect async resets in processes).               
                                                                                
7.6. Executing PROC_ROM pass (convert switches to ROMs).                        
Converted 0 switches.                                                           
                                                                                
7.7. Executing PROC_MUX pass (convert decision trees to multiplexers).          
                                                                                
7.8. Executing PROC_DLATCH pass (convert process syncs to latches).             
                                                                                
7.9. Executing PROC_DFF pass (convert process syncs to FFs).                    
                                                                                
7.10. Executing PROC_MEMWR pass (convert process memory writes to cells).       
                                                                                
7.11. Executing PROC_CLEAN pass (remove empty switches from decision trees).    
Cleaned up 0 empty switches.                                                    
                                                                                
7.12. Executing OPT_EXPR pass (perform const folding).                          
Optimizing module tt_um_sram_probe.                                             
Optimizing module RM_IHPSG13_1P_256x16_portable_wrapper.                        
                                                                                
8. Executing FLATTEN pass (flatten design).                                     
Deleting now unused module RM_IHPSG13_1P_256x16_portable_wrapper.               
<suppressed ~1 debug messages>                                                  
                                                                                
9. Executing OPT_CLEAN pass (remove unused cells and wires).                    
Finding unused cells or wires in module \tt_um_sram_probe..                     
Removed 1 unused cells and 6 unused wires.                                      
<suppressed ~7 debug messages>                                                  
────────────────────────────────── Synthesis ───────────────────────────────────
[19:33:42] VERBOSE  Running 'Yosys.Synthesis' at                    step.py:1138
                    'experiments/sram_flow_feasibility/runs/attempt             
                    -005-full/06-yosys-synthesis'…                              
[19:33:42] VERBOSE  Logging subprocess to                           step.py:1338
                    'experiments/sram_flow_feasibility/runs/attempt             
                    -005-full/06-yosys-synthesis/yosys-synthesis.lo             
                    g'…                                                         
                                                                                
 /----------------------------------------------------------------------------\ 
 |  yosys -- Yosys Open SYnthesis Suite                                       | 
 |  Copyright (C) 2012 - 2026  Claire Xenia Wolf <claire@yosyshq.com>         | 
 |  Distributed under an ISC-like license, type "license" to see terms        | 
 \----------------------------------------------------------------------------/ 
 Yosys 0.66 (git sha1 86f2ddebce7e98ce7cacc27e8a5c14cb53b51b51, clang++ 21.1.8  
-fPIC -O3)                                                                      
                                                                                
1. Executing Liberty frontend:                                                  
/home/wayne/devel/jane/hardcaml_asic/.toolchain/pdk/ihp-sg13cmos5l/libs.ref/sg13
cmos5l_stdcell/lib/sg13cmos5l_stdcell_typ_1p20V_25C.lib                         
Imported 84 cell types from liberty file.                                       
                                                                                
2. Executing Liberty frontend:                                                  
/home/wayne/devel/jane/hardcaml_asic/.toolchain/pdk/ihp-sg13cmos5l/libs.ref/sg13
cmos5l_io/lib/sg13cmos5l_io_typ_1p2V_3p3V_25C.lib                               
Imported 15 cell types from liberty file.                                       
                                                                                
3. Executing Verilog-2005 frontend:                                             
/home/wayne/devel/jane/hardcaml_asic/experiments/sram_flow_feasibility/RM_IHPSG1
3_1P_256x16_c2_bm_bist.blackbox.v                                               
Parsing SystemVerilog input from                                                
`/home/wayne/devel/jane/hardcaml_asic/experiments/sram_flow_feasibility/RM_IHPSG
13_1P_256x16_c2_bm_bist.blackbox.v' to AST representation.                      
Generating RTLIL representation for module `\RM_IHPSG13_1P_256x16_c2_bm_bist'.  
Successfully finished Verilog frontend.                                         
[INFO] Using SDC file                                                           
'/home/wayne/devel/jane/hardcaml_asic/experiments/sram_flow_feasibility/runs/att
empt-005-full/06-yosys-synthesis/synthesis.abc.sdc' for ABC…                    
                                                                                
4. Executing Verilog-2005 frontend:                                             
/home/wayne/devel/jane/hardcaml_asic/experiments/sram_flow_feasibility/tt_um_sra
m_probe.v                                                                       
Parsing SystemVerilog input from                                                
`/home/wayne/devel/jane/hardcaml_asic/experiments/sram_flow_feasibility/tt_um_sr
am_probe.v' to AST representation.                                              
Storing AST representation for module `$abstract\tt_um_sram_probe'.             
Storing AST representation for module                                           
`$abstract\RM_IHPSG13_1P_256x16_portable_wrapper'.                              
Successfully finished Verilog frontend.                                         
                                                                                
5. Executing HIERARCHY pass (managing design hierarchy).                        
                                                                                
6. Executing AST frontend in derive mode using pre-parsed AST for module        
`\tt_um_sram_probe'.                                                            
Generating RTLIL representation for module `\tt_um_sram_probe'.                 
                                                                                
6.1. Analyzing design hierarchy..                                               
Top module:  \tt_um_sram_probe                                                  
                                                                                
6.2. Executing AST frontend in derive mode using pre-parsed AST for module      
`\RM_IHPSG13_1P_256x16_portable_wrapper'.                                       
Generating RTLIL representation for module                                      
`\RM_IHPSG13_1P_256x16_portable_wrapper'.                                       
                                                                                
6.3. Analyzing design hierarchy..                                               
Top module:  \tt_um_sram_probe                                                  
Used module:     \RM_IHPSG13_1P_256x16_portable_wrapper                         
                                                                                
6.4. Analyzing design hierarchy..                                               
Top module:  \tt_um_sram_probe                                                  
Used module:     \RM_IHPSG13_1P_256x16_portable_wrapper                         
Removing unused module `$abstract\RM_IHPSG13_1P_256x16_portable_wrapper'.       
Removing unused module `$abstract\tt_um_sram_probe'.                            
Removed 2 unused modules.                                                       
Renaming module tt_um_sram_probe to tt_um_sram_probe.                           
                                                                                
7. Executing ATTRMAP pass (move or copy attributes).                            
                                                                                
8. Executing TRIBUF pass.                                                       
                                                                                
9. Executing HIERARCHY pass (managing design hierarchy).                        
                                                                                
9.1. Analyzing design hierarchy..                                               
Top module:  \tt_um_sram_probe                                                  
Used module:     \RM_IHPSG13_1P_256x16_portable_wrapper                         
                                                                                
9.2. Analyzing design hierarchy..                                               
Top module:  \tt_um_sram_probe                                                  
Used module:     \RM_IHPSG13_1P_256x16_portable_wrapper                         
Removed 0 unused modules.                                                       
                                                                                
10. Executing PROC_CLEAN pass (remove empty switches from decision trees).      
Cleaned up 0 empty switches.                                                    
                                                                                
11. Executing PROC_RMDEAD pass (remove dead branches from decision trees).      
Removed a total of 0 dead cases.                                                
                                                                                
12. Executing PROC_PRUNE pass (remove redundant assignments in processes).      
Removed 0 redundant assignments.                                                
Promoted 0 assignments to connections.                                          
                                                                                
13. Executing PROC_INIT pass (extract init attributes).                         
                                                                                
14. Executing PROC_ARST pass (detect async resets in processes).                
                                                                                
15. Executing PROC_ROM pass (convert switches to ROMs).                         
Converted 0 switches.                                                           
                                                                                
16. Executing PROC_MUX pass (convert decision trees to multiplexers).           
                                                                                
17. Executing PROC_DLATCH pass (convert process syncs to latches).              
                                                                                
18. Executing PROC_DFF pass (convert process syncs to FFs).                     
                                                                                
19. Executing PROC_MEMWR pass (convert process memory writes to cells).         
                                                                                
20. Executing PROC_CLEAN pass (remove empty switches from decision trees).      
Cleaned up 0 empty switches.                                                    
                                                                                
21. Executing CHECK pass (checking for obvious problems).                       
Checking module tt_um_sram_probe...                                             
Checking module RM_IHPSG13_1P_256x16_portable_wrapper...                        
Found and reported 0 problems.                                                  
                                                                                
22. Executing OPT_EXPR pass (perform const folding).                            
Optimizing module tt_um_sram_probe.                                             
Optimizing module RM_IHPSG13_1P_256x16_portable_wrapper.                        
                                                                                
23. Executing FLATTEN pass (flatten design).                                    
Deleting now unused module RM_IHPSG13_1P_256x16_portable_wrapper.               
<suppressed ~1 debug messages>                                                  
                                                                                
24. Executing OPT_EXPR pass (perform const folding).                            
Optimizing module tt_um_sram_probe.                                             
                                                                                
25. Executing OPT_CLEAN pass (remove unused cells and wires).                   
Finding unused cells or wires in module \tt_um_sram_probe..                     
Removed 0 unused cells and 1 unused wires.                                      
<suppressed ~1 debug messages>                                                  
                                                                                
26. Executing OPT_EXPR pass (perform const folding).                            
Optimizing module tt_um_sram_probe.                                             
                                                                                
27. Executing OPT_MERGE pass (detect identical cells).                          
Finding identical cells in module `\tt_um_sram_probe'.                          
Computing hashes of 6 cells of `\tt_um_sram_probe'.                             
Finding duplicate cells in `\tt_um_sram_probe'.                                 
Removed a total of 0 cells.                                                     
                                                                                
28. Executing OPT_MUXTREE pass (detect dead branches in mux trees).             
Running muxtree optimizer on module \tt_um_sram_probe..                         
  Creating internal representation of mux trees.                                
  No muxes found in this module.                                                
Removed 0 multiplexer ports.                                                    
                                                                                
29. Executing OPT_REDUCE pass (consolidate $*mux and $reduce_* inputs).         
  Optimizing cells in module \tt_um_sram_probe.                                 
Performed a total of 0 changes.                                                 
                                                                                
30. Executing OPT_MERGE pass (detect identical cells).                          
Finding identical cells in module `\tt_um_sram_probe'.                          
Computing hashes of 6 cells of `\tt_um_sram_probe'.                             
Finding duplicate cells in `\tt_um_sram_probe'.                                 
Removed a total of 0 cells.                                                     
                                                                                
31. Executing OPT_DFF pass (perform DFF optimizations).                         
                                                                                
32. Executing OPT_CLEAN pass (remove unused cells and wires).                   
Finding unused cells or wires in module \tt_um_sram_probe..                     
                                                                                
33. Executing OPT_EXPR pass (perform const folding).                            
Optimizing module tt_um_sram_probe.                                             
                                                                                
34. Executing FSM pass (extract and optimize FSM).                              
                                                                                
34.1. Executing FSM_DETECT pass (finding FSMs in design).                       
                                                                                
34.2. Executing FSM_EXTRACT pass (extracting FSM from design).                  
                                                                                
34.3. Executing FSM_OPT pass (simple optimizations of FSMs).                    
                                                                                
34.4. Executing OPT_CLEAN pass (remove unused cells and wires).                 
Finding unused cells or wires in module \tt_um_sram_probe..                     
                                                                                
34.5. Executing FSM_OPT pass (simple optimizations of FSMs).                    
                                                                                
34.6. Executing FSM_RECODE pass (re-assigning FSM state encoding).              
                                                                                
34.7. Executing FSM_INFO pass (dumping all available information on FSM cells). 
                                                                                
34.8. Executing FSM_MAP pass (mapping FSMs to basic logic).                     
                                                                                
35. Executing OPT_EXPR pass (perform const folding).                            
Optimizing module tt_um_sram_probe.                                             
                                                                                
36. Executing OPT_MERGE pass (detect identical cells).                          
Finding identical cells in module `\tt_um_sram_probe'.                          
Computing hashes of 6 cells of `\tt_um_sram_probe'.                             
Finding duplicate cells in `\tt_um_sram_probe'.                                 
Removed a total of 0 cells.                                                     
                                                                                
37. Executing OPT_MUXTREE pass (detect dead branches in mux trees).             
Running muxtree optimizer on module \tt_um_sram_probe..                         
  Creating internal representation of mux trees.                                
  No muxes found in this module.                                                
Removed 0 multiplexer ports.                                                    
                                                                                
38. Executing OPT_REDUCE pass (consolidate $*mux and $reduce_* inputs).         
  Optimizing cells in module \tt_um_sram_probe.                                 
Performed a total of 0 changes.                                                 
                                                                                
39. Executing OPT_MERGE pass (detect identical cells).                          
Finding identical cells in module `\tt_um_sram_probe'.                          
Computing hashes of 6 cells of `\tt_um_sram_probe'.                             
Finding duplicate cells in `\tt_um_sram_probe'.                                 
Removed a total of 0 cells.                                                     
                                                                                
40. Executing OPT_DFF pass (perform DFF optimizations).                         
                                                                                
41. Executing OPT_CLEAN pass (remove unused cells and wires).                   
Finding unused cells or wires in module \tt_um_sram_probe..                     
                                                                                
42. Executing OPT_EXPR pass (perform const folding).                            
Optimizing module tt_um_sram_probe.                                             
                                                                                
43. Executing WREDUCE pass (reducing word size of cells).                       
                                                                                
44. Executing PEEPOPT pass (run peephole optimizers).                           
                                                                                
45. Executing OPT_CLEAN pass (remove unused cells and wires).                   
Finding unused cells or wires in module \tt_um_sram_probe..                     
                                                                                
46. Executing BOOTH pass (map to Booth multipliers).                            
Mapped 0 multipliers.                                                           
                                                                                
47. Executing ALUMACC pass (create $alu and $macc cells).                       
Extracting $alu and $macc cells in module tt_um_sram_probe:                     
  created 0 $alu and 0 $macc cells.                                             
                                                                                
48. Executing ARITH_TREE pass.                                                  
                                                                                
49. Executing SHARE pass (SAT-based resource sharing).                          
                                                                                
50. Executing OPT_EXPR pass (perform const folding).                            
Optimizing module tt_um_sram_probe.                                             
                                                                                
51. Executing OPT_MERGE pass (detect identical cells).                          
Finding identical cells in module `\tt_um_sram_probe'.                          
Computing hashes of 6 cells of `\tt_um_sram_probe'.                             
Finding duplicate cells in `\tt_um_sram_probe'.                                 
Removed a total of 0 cells.                                                     
                                                                                
52. Executing OPT_MUXTREE pass (detect dead branches in mux trees).             
Running muxtree optimizer on module \tt_um_sram_probe..                         
  Creating internal representation of mux trees.                                
  No muxes found in this module.                                                
Removed 0 multiplexer ports.                                                    
                                                                                
53. Executing OPT_REDUCE pass (consolidate $*mux and $reduce_* inputs).         
  Optimizing cells in module \tt_um_sram_probe.                                 
Performed a total of 0 changes.                                                 
                                                                                
54. Executing OPT_MERGE pass (detect identical cells).                          
Finding identical cells in module `\tt_um_sram_probe'.                          
Computing hashes of 6 cells of `\tt_um_sram_probe'.                             
Finding duplicate cells in `\tt_um_sram_probe'.                                 
Removed a total of 0 cells.                                                     
                                                                                
55. Executing OPT_DFF pass (perform DFF optimizations).                         
                                                                                
56. Executing OPT_CLEAN pass (remove unused cells and wires).                   
Finding unused cells or wires in module \tt_um_sram_probe..                     
                                                                                
57. Executing OPT_EXPR pass (perform const folding).                            
Optimizing module tt_um_sram_probe.                                             
                                                                                
58. Executing MEMORY pass.                                                      
                                                                                
58.1. Executing OPT_MEM pass (optimize memories).                               
Performed a total of 0 transformations.                                         
                                                                                
58.2. Executing OPT_MEM_PRIORITY pass (removing unnecessary memory write        
priority relations).                                                            
Performed a total of 0 transformations.                                         
                                                                                
58.3. Executing OPT_MEM_FEEDBACK pass (finding memory read-to-write feedback    
paths).                                                                         
                                                                                
58.4. Executing MEMORY_BMUX2ROM pass (converting muxes to ROMs).                
                                                                                
58.5. Executing MEMORY_DFF pass (merging $dff cells to $memrd).                 
                                                                                
58.6. Executing OPT_CLEAN pass (remove unused cells and wires).                 
Finding unused cells or wires in module \tt_um_sram_probe..                     
                                                                                
58.7. Executing MEMORY_SHARE pass (consolidating $memrd/$memwr cells).          
                                                                                
58.8. Executing OPT_MEM_WIDEN pass (optimize memories where all ports are wide).
Performed a total of 0 transformations.                                         
                                                                                
58.9. Executing OPT_CLEAN pass (remove unused cells and wires).                 
Finding unused cells or wires in module \tt_um_sram_probe..                     
                                                                                
58.10. Executing MEMORY_COLLECT pass (generating $mem cells).                   
                                                                                
59. Executing OPT_CLEAN pass (remove unused cells and wires).                   
Finding unused cells or wires in module \tt_um_sram_probe..                     
                                                                                
60. Executing OPT_EXPR pass (perform const folding).                            
Optimizing module tt_um_sram_probe.                                             
                                                                                
61. Executing OPT_MERGE pass (detect identical cells).                          
Finding identical cells in module `\tt_um_sram_probe'.                          
Computing hashes of 6 cells of `\tt_um_sram_probe'.                             
Finding duplicate cells in `\tt_um_sram_probe'.                                 
Removed a total of 0 cells.                                                     
                                                                                
62. Executing OPT_DFF pass (perform DFF optimizations).                         
                                                                                
63. Executing OPT_CLEAN pass (remove unused cells and wires).                   
Finding unused cells or wires in module \tt_um_sram_probe..                     
                                                                                
64. Executing MEMORY_MAP pass (converting memories to logic and flip-flops).    
                                                                                
65. Executing OPT_EXPR pass (perform const folding).                            
Optimizing module tt_um_sram_probe.                                             
                                                                                
66. Executing OPT_MERGE pass (detect identical cells).                          
Finding identical cells in module `\tt_um_sram_probe'.                          
Computing hashes of 6 cells of `\tt_um_sram_probe'.                             
Finding duplicate cells in `\tt_um_sram_probe'.                                 
Removed a total of 0 cells.                                                     
                                                                                
67. Executing OPT_MUXTREE pass (detect dead branches in mux trees).             
Running muxtree optimizer on module \tt_um_sram_probe..                         
  Creating internal representation of mux trees.                                
  No muxes found in this module.                                                
Removed 0 multiplexer ports.                                                    
                                                                                
68. Executing OPT_REDUCE pass (consolidate $*mux and $reduce_* inputs).         
  Optimizing cells in module \tt_um_sram_probe.                                 
Performed a total of 0 changes.                                                 
                                                                                
69. Executing OPT_MERGE pass (detect identical cells).                          
Finding identical cells in module `\tt_um_sram_probe'.                          
Computing hashes of 6 cells of `\tt_um_sram_probe'.                             
Finding duplicate cells in `\tt_um_sram_probe'.                                 
Removed a total of 0 cells.                                                     
                                                                                
70. Executing OPT_SHARE pass.                                                   
                                                                                
71. Executing OPT_DFF pass (perform DFF optimizations).                         
                                                                                
72. Executing OPT_CLEAN pass (remove unused cells and wires).                   
Finding unused cells or wires in module \tt_um_sram_probe..                     
                                                                                
73. Executing OPT_EXPR pass (perform const folding).                            
Optimizing module tt_um_sram_probe.                                             
                                                                                
74. Executing TECHMAP pass (map to technology primitives).                      
                                                                                
74.1. Executing Verilog-2005 frontend:                                          
/nix/store/a9l8l27f050y0ah3jilxkzxwrkfi561z-yosys-0.66/bin/../share/yosys/techma
p.v                                                                             
Parsing Verilog input from                                                      
`/nix/store/a9l8l27f050y0ah3jilxkzxwrkfi561z-yosys-0.66/bin/../share/yosys/techm
ap.v' to AST representation.                                                    
Generating RTLIL representation for module `\_90_simplemap_bool_ops'.           
Generating RTLIL representation for module `\_90_simplemap_reduce_ops'.         
Generating RTLIL representation for module `\_90_simplemap_logic_ops'.          
Generating RTLIL representation for module `\_90_simplemap_compare_ops'.        
Generating RTLIL representation for module `\_90_simplemap_various'.            
Generating RTLIL representation for module `\_90_simplemap_registers'.          
Generating RTLIL representation for module `\_90_shift_ops_shr_shl_sshl_sshr'.  
Generating RTLIL representation for module `\_90_shift_shiftx'.                 
Generating RTLIL representation for module `\_90_fa'.                           
Generating RTLIL representation for module `\_90_lcu_brent_kung'.               
Generating RTLIL representation for module `\_90_alu'.                          
Generating RTLIL representation for module `\_90_macc'.                         
Generating RTLIL representation for module `\_90_alumacc'.                      
Generating RTLIL representation for module `$__div_mod_u'.                      
Generating RTLIL representation for module `$__div_mod_trunc'.                  
Generating RTLIL representation for module `\_90_div'.                          
Generating RTLIL representation for module `\_90_mod'.                          
Generating RTLIL representation for module `$__div_mod_floor'.                  
Generating RTLIL representation for module `\_90_divfloor'.                     
Generating RTLIL representation for module `\_90_modfloor'.                     
Generating RTLIL representation for module `\_90_pow'.                          
Generating RTLIL representation for module `\_90_demux'.                        
Generating RTLIL representation for module `\_90_lut'.                          
Generating RTLIL representation for module `$connect'.                          
Generating RTLIL representation for module `$input_port'.                       
Successfully finished Verilog frontend.                                         
                                                                                
74.2. Continuing TECHMAP pass.                                                  
Using extmapper simplemap for cells of type $logic_and.                         
Using extmapper simplemap for cells of type $logic_not.                         
No more expansions possible.                                                    
<suppressed ~81 debug messages>                                                 
                                                                                
75. Executing OPT_EXPR pass (perform const folding).                            
Optimizing module tt_um_sram_probe.                                             
                                                                                
76. Executing OPT_MERGE pass (detect identical cells).                          
Finding identical cells in module `\tt_um_sram_probe'.                          
Computing hashes of 6 cells of `\tt_um_sram_probe'.                             
Finding duplicate cells in `\tt_um_sram_probe'.                                 
Removed a total of 0 cells.                                                     
                                                                                
77. Executing OPT_DFF pass (perform DFF optimizations).                         
                                                                                
78. Executing OPT_CLEAN pass (remove unused cells and wires).                   
Finding unused cells or wires in module \tt_um_sram_probe..                     
                                                                                
79. Executing OPT_EXPR pass (perform const folding).                            
Optimizing module tt_um_sram_probe.                                             
                                                                                
80. Executing OPT_MERGE pass (detect identical cells).                          
Finding identical cells in module `\tt_um_sram_probe'.                          
Computing hashes of 6 cells of `\tt_um_sram_probe'.                             
Finding duplicate cells in `\tt_um_sram_probe'.                                 
Removed a total of 0 cells.                                                     
                                                                                
81. Executing OPT_DFF pass (perform DFF optimizations).                         
                                                                                
82. Executing OPT_CLEAN pass (remove unused cells and wires).                   
Finding unused cells or wires in module \tt_um_sram_probe..                     
                                                                                
83. Executing ABC pass (technology mapping using ABC).                          
                                                                                
83.1. Extracting gate netlist of module `\tt_um_sram_probe' to                  
`<abc-temp-dir>/input.blif'..                                                   
                                                                                
83.1.1. Executed ABC.                                                           
Extracted 4 gates and 7 wires to a netlist network with 3 inputs and 3 outputs. 
Running ABC script: <abc-temp-dir>/abc.script                                   
ABC: ======== ABC command line "source <abc-temp-dir>/abc.script"               
ABC: + read_blif <abc-temp-dir>/input.blif                                      
ABC: + read_library <abc-temp-dir>/stdcells.genlib                              
ABC: + strash                                                                   
ABC: + dretime                                                                  
ABC: + map                                                                      
ABC: + write_blif <abc-temp-dir>/output.blif                                    
                                                                                
83.1.2. Re-integrating ABC results.                                             
ABC RESULTS:               AND cells:        2                                  
ABC RESULTS:            ANDNOT cells:        1                                  
ABC RESULTS:        internal signals:        1                                  
ABC RESULTS:           input signals:        3                                  
ABC RESULTS:          output signals:        3                                  
Removing temp directory.                                                        
Removing global temp directory.                                                 
                                                                                
84. Executing OPT pass (performing simple optimizations).                       
                                                                                
84.1. Executing OPT_EXPR pass (perform const folding).                          
Optimizing module tt_um_sram_probe.                                             
                                                                                
84.2. Executing OPT_MERGE pass (detect identical cells).                        
Finding identical cells in module `\tt_um_sram_probe'.                          
Computing hashes of 5 cells of `\tt_um_sram_probe'.                             
Finding duplicate cells in `\tt_um_sram_probe'.                                 
Removed a total of 0 cells.                                                     
                                                                                
84.3. Executing OPT_DFF pass (perform DFF optimizations).                       
                                                                                
84.4. Executing OPT_CLEAN pass (remove unused cells and wires).                 
Finding unused cells or wires in module \tt_um_sram_probe..                     
Removed 0 unused cells and 7 unused wires.                                      
<suppressed ~1 debug messages>                                                  
                                                                                
84.5. Finished fast OPT passes.                                                 
                                                                                
85. Executing HIERARCHY pass (managing design hierarchy).                       
                                                                                
85.1. Analyzing design hierarchy..                                              
Top module:  \tt_um_sram_probe                                                  
                                                                                
85.2. Analyzing design hierarchy..                                              
Top module:  \tt_um_sram_probe                                                  
Removed 0 unused modules.                                                       
                                                                                
86. Executing CHECK pass (checking for obvious problems).                       
Checking module tt_um_sram_probe...                                             
Found and reported 0 problems.                                                  
                                                                                
87. Printing statistics.                                                        
                                                                                
=== tt_um_sram_probe ===                                                        
                                                                                
        +----------Local Count, excluding submodules.                           
        |                                                                       
       17 wires                                                                 
      104 wire bits                                                             
       15 public wires                                                          
      102 public wire bits                                                      
        8 ports                                                                 
       43 port bits                                                             
        5 cells                                                                 
        1   $_ANDNOT_                                                           
        2   $_AND_                                                              
        1   $scopeinfo                                                          
        1   RM_IHPSG13_1P_256x16_c2_bm_bist                                     
                                                                                
88. Executing OPT pass (performing simple optimizations).                       
                                                                                
88.1. Executing OPT_EXPR pass (perform const folding).                          
Optimizing module tt_um_sram_probe.                                             
                                                                                
88.2. Executing OPT_MERGE pass (detect identical cells).                        
Finding identical cells in module `\tt_um_sram_probe'.                          
Computing hashes of 5 cells of `\tt_um_sram_probe'.                             
Finding duplicate cells in `\tt_um_sram_probe'.                                 
Removed a total of 0 cells.                                                     
                                                                                
88.3. Executing OPT_MUXTREE pass (detect dead branches in mux trees).           
Running muxtree optimizer on module \tt_um_sram_probe..                         
  Creating internal representation of mux trees.                                
  No muxes found in this module.                                                
Removed 0 multiplexer ports.                                                    
                                                                                
88.4. Executing OPT_REDUCE pass (consolidate $*mux and $reduce_* inputs).       
  Optimizing cells in module \tt_um_sram_probe.                                 
Performed a total of 0 changes.                                                 
                                                                                
88.5. Executing OPT_MERGE pass (detect identical cells).                        
Finding identical cells in module `\tt_um_sram_probe'.                          
Computing hashes of 5 cells of `\tt_um_sram_probe'.                             
Finding duplicate cells in `\tt_um_sram_probe'.                                 
Removed a total of 0 cells.                                                     
                                                                                
88.6. Executing OPT_DFF pass (perform DFF optimizations).                       
                                                                                
88.7. Executing OPT_CLEAN pass (remove unused cells and wires).                 
Finding unused cells or wires in module \tt_um_sram_probe..                     
                                                                                
88.8. Executing OPT_EXPR pass (perform const folding).                          
Optimizing module tt_um_sram_probe.                                             
                                                                                
88.9. Finished fast OPT passes. (There is nothing left to do.)                  
                                                                                
89. Executing OPT_CLEAN pass (remove unused cells and wires).                   
Finding unused cells or wires in module \tt_um_sram_probe..                     
Removed 1 unused cells and 5 unused wires.                                      
<suppressed ~6 debug messages>                                                  
{                                                                               
   "creator": "Yosys 0.66 (git sha1 86f2ddebce7e98ce7cacc27e8a5c14cb53b51b51,   
clang++ 21.1.8 -fPIC -O3)",                                                     
   "invocation": "stat -json -liberty                                           
/home/wayne/devel/jane/hardcaml_asic/experiments/sram_flow_feasibility/runs/atte
mpt-005-full/tmp/f1e95dd141324830972e8cb4e3d5e04d.lib -liberty                  
/home/wayne/devel/jane/hardcaml_asic/experiments/sram_flow_feasibility/runs/atte
mpt-005-full/tmp/ec59084178d24c65aadc9cca5992fa8e.lib ",                        
   "modules": {                                                                 
      "\\tt_um_sram_probe": {                                                   
         "num_wires":         12,                                               
         "num_wire_bits":     62,                                               
         "num_pub_wires":     10,                                               
         "num_pub_wire_bits": 60,                                               
         "num_ports":         8,                                                
         "num_port_bits":     43,                                               
         "num_memories":      0,                                                
         "num_memory_bits":   0,                                                
         "num_processes":     0,                                                
         "num_cells":         4,                                                
         "num_submodules":       0,                                             
         "num_cells_by_type": {                                                 
            "$_ANDNOT_": 1,                                                     
            "$_AND_": 2,                                                        
            "RM_IHPSG13_1P_256x16_c2_bm_bist": 1                                
         }                                                                      
      }                                                                         
   },                                                                           
      "design": {                                                               
         "num_wires":         12,                                               
         "num_wire_bits":     62,                                               
         "num_pub_wires":     10,                                               
         "num_pub_wire_bits": 60,                                               
         "num_ports":         8,                                                
         "num_port_bits":     43,                                               
         "num_memories":      0,                                                
         "num_memory_bits":   0,                                                
         "num_processes":     0,                                                
         "num_cells":         4,                                                
         "num_submodules":       0,                                             
         "num_cells_by_type": {                                                 
            "$_ANDNOT_": 1,                                                     
            "$_AND_": 2,                                                        
            "RM_IHPSG13_1P_256x16_c2_bm_bist": 1                                
         }                                                                      
      }                                                                         
}                                                                               
                                                                                
90. Printing statistics.                                                        
                                                                                
=== tt_um_sram_probe ===                                                        
                                                                                
        +----------Local Count, excluding submodules.                           
        |                                                                       
       12 wires                                                                 
       62 wire bits                                                             
       10 public wires                                                          
       60 public wire bits                                                      
        8 ports                                                                 
       43 port bits                                                             
        4 cells                                                                 
        1   $_ANDNOT_                                                           
        2   $_AND_                                                              
        1   RM_IHPSG13_1P_256x16_c2_bm_bist                                     
                                                                                
   Area for cell type $_ANDNOT_ is unknown!                                     
   Area for cell type $_AND_ is unknown!                                        
   Area for cell type \RM_IHPSG13_1P_256x16_c2_bm_bist is unknown!              
                                                                                
[INFO] Applying tri-state buffer mapping from                                   
'/home/wayne/devel/jane/hardcaml_asic/.toolchain/pdk/ihp-sg13cmos5l/libs.tech/li
brelane/sg13cmos5l_stdcell/tribuff_map.v'…                                      
                                                                                
91. Executing TECHMAP pass (map to technology primitives).                      
                                                                                
91.1. Executing Verilog-2005 frontend:                                          
/home/wayne/devel/jane/hardcaml_asic/.toolchain/pdk/ihp-sg13cmos5l/libs.tech/lib
relane/sg13cmos5l_stdcell/tribuff_map.v                                         
Parsing Verilog input from                                                      
`/home/wayne/devel/jane/hardcaml_asic/.toolchain/pdk/ihp-sg13cmos5l/libs.tech/li
brelane/sg13cmos5l_stdcell/tribuff_map.v' to AST representation.                
Generating RTLIL representation for module `$_TBUF_'.                           
Successfully finished Verilog frontend.                                         
                                                                                
91.2. Continuing TECHMAP pass.                                                  
No more expansions possible.                                                    
<suppressed ~3 debug messages>                                                  
                                                                                
92. Executing SIMPLEMAP pass (map simple cells to gate primitives).             
[INFO] Applying latch mapping from                                              
'/home/wayne/devel/jane/hardcaml_asic/.toolchain/pdk/ihp-sg13cmos5l/libs.tech/li
brelane/sg13cmos5l_stdcell/latch_map.v'…                                        
                                                                                
93. Executing TECHMAP pass (map to technology primitives).                      
                                                                                
93.1. Executing Verilog-2005 frontend:                                          
/home/wayne/devel/jane/hardcaml_asic/.toolchain/pdk/ihp-sg13cmos5l/libs.tech/lib
relane/sg13cmos5l_stdcell/latch_map.v                                           
Parsing Verilog input from                                                      
`/home/wayne/devel/jane/hardcaml_asic/.toolchain/pdk/ihp-sg13cmos5l/libs.tech/li
brelane/sg13cmos5l_stdcell/latch_map.v' to AST representation.                  
Generating RTLIL representation for module `$_DLATCH_P_'.                       
Generating RTLIL representation for module `$_DLATCH_PN0_'.                     
Generating RTLIL representation for module `$_DLATCH_N_'.                       
Generating RTLIL representation for module `$_DLATCH_NN0_'.                     
Successfully finished Verilog frontend.                                         
                                                                                
93.2. Continuing TECHMAP pass.                                                  
No more expansions possible.                                                    
<suppressed ~6 debug messages>                                                  
                                                                                
94. Executing SIMPLEMAP pass (map simple cells to gate primitives).             
                                                                                
95. Executing DFFLIBMAP pass (mapping DFF cells to sequential cells from liberty
file).                                                                          
  cell sg13cmos5l_dfrbpq_1 (noninv, pins=4, area=48.99) is a direct match for   
cell type $_DFF_PN0_.                                                           
  final dff cell mappings:                                                      
    unmapped dff cell: $_DFF_N_                                                 
    unmapped dff cell: $_DFF_P_                                                 
    unmapped dff cell: $_DFF_NN0_                                               
    unmapped dff cell: $_DFF_NN1_                                               
    unmapped dff cell: $_DFF_NP0_                                               
    unmapped dff cell: $_DFF_NP1_                                               
    \sg13cmos5l_dfrbpq_1 _DFF_PN0_ (.CLK( C), .D( D), .Q( Q), .RESET_B( R));    
    unmapped dff cell: $_DFF_PN1_                                               
    unmapped dff cell: $_DFF_PP0_                                               
    unmapped dff cell: $_DFF_PP1_                                               
    unmapped dff cell: $_DFFE_NN_                                               
    unmapped dff cell: $_DFFE_NP_                                               
    unmapped dff cell: $_DFFE_PN_                                               
    unmapped dff cell: $_DFFE_PP_                                               
    unmapped dff cell: $_DFFSR_NNN_                                             
    unmapped dff cell: $_DFFSR_NNP_                                             
    unmapped dff cell: $_DFFSR_NPN_                                             
    unmapped dff cell: $_DFFSR_NPP_                                             
    unmapped dff cell: $_DFFSR_PNN_                                             
    unmapped dff cell: $_DFFSR_PNP_                                             
    unmapped dff cell: $_DFFSR_PPN_                                             
    unmapped dff cell: $_DFFSR_PPP_                                             
                                                                                
95.1. Executing DFFLEGALIZE pass (convert FFs to types supported by the target).
<suppressed ~4 debug messages>                                                  
Mapping DFF cells in module `\tt_um_sram_probe':                                
{                                                                               
   "creator": "Yosys 0.66 (git sha1 86f2ddebce7e98ce7cacc27e8a5c14cb53b51b51,   
clang++ 21.1.8 -fPIC -O3)",                                                     
   "invocation": "stat -json -liberty                                           
/home/wayne/devel/jane/hardcaml_asic/experiments/sram_flow_feasibility/runs/atte
mpt-005-full/tmp/f1e95dd141324830972e8cb4e3d5e04d.lib -liberty                  
/home/wayne/devel/jane/hardcaml_asic/experiments/sram_flow_feasibility/runs/atte
mpt-005-full/tmp/ec59084178d24c65aadc9cca5992fa8e.lib ",                        
   "modules": {                                                                 
      "\\tt_um_sram_probe": {                                                   
         "num_wires":         12,                                               
         "num_wire_bits":     62,                                               
         "num_pub_wires":     10,                                               
         "num_pub_wire_bits": 60,                                               
         "num_ports":         8,                                                
         "num_port_bits":     43,                                               
         "num_memories":      0,                                                
         "num_memory_bits":   0,                                                
         "num_processes":     0,                                                
         "num_cells":         4,                                                
         "num_submodules":       0,                                             
         "num_cells_by_type": {                                                 
            "$_ANDNOT_": 1,                                                     
            "$_AND_": 2,                                                        
            "RM_IHPSG13_1P_256x16_c2_bm_bist": 1                                
         }                                                                      
      }                                                                         
   },                                                                           
      "design": {                                                               
         "num_wires":         12,                                               
         "num_wire_bits":     62,                                               
         "num_pub_wires":     10,                                               
         "num_pub_wire_bits": 60,                                               
         "num_ports":         8,                                                
         "num_port_bits":     43,                                               
         "num_memories":      0,                                                
         "num_memory_bits":   0,                                                
         "num_processes":     0,                                                
         "num_cells":         4,                                                
         "num_submodules":       0,                                             
         "num_cells_by_type": {                                                 
            "$_ANDNOT_": 1,                                                     
            "$_AND_": 2,                                                        
            "RM_IHPSG13_1P_256x16_c2_bm_bist": 1                                
         }                                                                      
      }                                                                         
}                                                                               
                                                                                
96. Printing statistics.                                                        
                                                                                
=== tt_um_sram_probe ===                                                        
                                                                                
        +----------Local Count, excluding submodules.                           
        |                                                                       
       12 wires                                                                 
       62 wire bits                                                             
       10 public wires                                                          
       60 public wire bits                                                      
        8 ports                                                                 
       43 port bits                                                             
        4 cells                                                                 
        1   $_ANDNOT_                                                           
        2   $_AND_                                                              
        1   RM_IHPSG13_1P_256x16_c2_bm_bist                                     
                                                                                
   Area for cell type $_ANDNOT_ is unknown!                                     
   Area for cell type $_AND_ is unknown!                                        
   Area for cell type \RM_IHPSG13_1P_256x16_c2_bm_bist is unknown!              
                                                                                
[INFO] Using generated ABC strategy script                                      
'/home/wayne/devel/jane/hardcaml_asic/experiments/sram_flow_feasibility/runs/att
empt-005-full/06-yosys-synthesis/AREA_0.abc'…                                   
                                                                                
97. Executing ABC pass (technology mapping using ABC).                          
                                                                                
97.1. Extracting gate netlist of module `\tt_um_sram_probe' to                  
`/tmp/yosys-abc-lUKSWi/input.blif'..                                            
                                                                                
97.1.1. Executed ABC.                                                           
Extracted 3 gates and 6 wires to a netlist network with 3 inputs and 3 outputs. 
Running ABC script: /tmp/yosys-abc-lUKSWi/abc.script                            
ABC: ======== ABC command line "source /tmp/yosys-abc-lUKSWi/abc.script"        
ABC: + read_blif /tmp/yosys-abc-lUKSWi/input.blif                               
ABC: + read_scl /tmp/yosys-liberty-scl-cache/yosys_merged_039834a0.scl          
ABC: + read_constr -v                                                           
/home/wayne/devel/jane/hardcaml_asic/experiments/sram_flow_feasibility/runs/atte
mpt-005-full/06-yosys-synthesis/synthesis.abc.sdc                               
ABC: Setting driving cell to be "sg13cmos5l_buf_4/X".                           
ABC: Setting output load to be 6.000000.                                        
ABC: + source                                                                   
/home/wayne/devel/jane/hardcaml_asic/experiments/sram_flow_feasibility/runs/atte
mpt-005-full/06-yosys-synthesis/AREA_0.abc                                      
ABC: Error: The network is combinational.                                       
ABC: Cannot find the default PI driving cell (sg13cmos5l_buf_4/X) in the        
library.                                                                        
ABC: WireLoad = "none"  Gates =      3 (  0.0 %)   Cap =  5.6 ff (  0.0 %)      
Area =       27.22 (100.0 %)   Delay =   211.35 ps  ( 66.7 %)                   
ABC: Path  0 --       3 : 0    1 pi                 A =   0.00  Df =   0.0      
-0.0 ps  S =   0.0 ps  Cin =  0.0 ff  Cout =   2.6 ff  Cmax =   0.0 ff  G =    0
ABC: Path  1 --       7 : 2    3 sg13cmos5l_and2_1  A =   9.07  Df =  93.8      
-16.5 ps  S =  56.6 ps  Cin =  2.5 ff  Cout =  10.9 ff  Cmax = 300.0 ff  G =    
425                                                                             
ABC: Path  2 --       8 : 2    1 sg13cmos5l_nor2b_1 A =   9.07  Df = 211.4      
-52.5 ps  S =  68.3 ps  Cin =  2.6 ff  Cout =   6.0 ff  Cmax = 300.0 ff  G =    
231                                                                             
ABC: Start-point = pi2 (\ena).  End-point = po1                                 
($abc$81$flatten\memory.$logic_and$/home/wayne/devel/jane/hardcaml_asic/experime
nts/sram_flow_feasibility/tt_um_sram_probe.v:41$4_Y).                           
ABC: netlist                       : i/o =    3/    3  lat =    0  nd =     3   
edge =      6  area =27.21  delay = 2.00  lev = 2                               
ABC: + write_blif /tmp/yosys-abc-lUKSWi/output.blif                             
                                                                                
97.1.2. Re-integrating ABC results.                                             
ABC RESULTS:   sg13cmos5l_and2_1 cells:        2                                
ABC RESULTS:   sg13cmos5l_nor2b_1 cells:        1                               
ABC RESULTS:        internal signals:        0                                  
ABC RESULTS:           input signals:        3                                  
ABC RESULTS:          output signals:        3                                  
Removing temp directory.                                                        
Removing global temp directory.                                                 
                                                                                
98. Executing SETUNDEF pass (replace undef values with defined constants).      
                                                                                
99. Executing HILOMAP pass (mapping to constant drivers).                       
                                                                                
100. Executing SPLITNETS pass (splitting up multi-bit signals).                 
                                                                                
101. Executing OPT_CLEAN pass (remove unused cells and wires).                  
Finding unused cells or wires in module \tt_um_sram_probe..                     
Removed 0 unused cells and 30 unused wires.                                     
<suppressed ~17 debug messages>                                                 
                                                                                
102. Executing INSBUF pass (insert buffer cells for connected wires).           
                                                                                
103. Executing CHECK pass (checking for obvious problems).                      
Checking module tt_um_sram_probe...                                             
Found and reported 0 problems.                                                  
{                                                                               
   "creator": "Yosys 0.66 (git sha1 86f2ddebce7e98ce7cacc27e8a5c14cb53b51b51,   
clang++ 21.1.8 -fPIC -O3)",                                                     
   "invocation": "stat -json -liberty                                           
/home/wayne/devel/jane/hardcaml_asic/experiments/sram_flow_feasibility/runs/atte
mpt-005-full/tmp/f1e95dd141324830972e8cb4e3d5e04d.lib -liberty                  
/home/wayne/devel/jane/hardcaml_asic/experiments/sram_flow_feasibility/runs/atte
mpt-005-full/tmp/ec59084178d24c65aadc9cca5992fa8e.lib ",                        
   "modules": {                                                                 
      "\\tt_um_sram_probe": {                                                   
         "num_wires":         73,                                               
         "num_wire_bits":     108,                                              
         "num_pub_wires":     9,                                                
         "num_pub_wire_bits": 44,                                               
         "num_ports":         8,                                                
         "num_port_bits":     43,                                               
         "num_memories":      0,                                                
         "num_memory_bits":   0,                                                
         "num_processes":     0,                                                
         "num_cells":         74,                                               
         "num_submodules":       0,                                             
         "area":              535.248000,                                       
         "sequential_area":    0.000000,                                        
         "num_cells_by_type": {                                                 
            "RM_IHPSG13_1P_256x16_c2_bm_bist": 1,                               
            "sg13cmos5l_and2_1": 2,                                             
            "sg13cmos5l_nor2b_1": 1,                                            
            "sg13cmos5l_tiehi": 25,                                             
            "sg13cmos5l_tielo": 45                                              
         }                                                                      
      }                                                                         
   },                                                                           
      "design": {                                                               
         "num_wires":         73,                                               
         "num_wire_bits":     108,                                              
         "num_pub_wires":     9,                                                
         "num_pub_wire_bits": 44,                                               
         "num_ports":         8,                                                
         "num_port_bits":     43,                                               
         "num_memories":      0,                                                
         "num_memory_bits":   0,                                                
         "num_processes":     0,                                                
         "num_cells":         74,                                               
         "num_submodules":       0,                                             
         "area":              535.248000,                                       
         "sequential_area":    0.000000,                                        
         "num_cells_by_type": {                                                 
            "RM_IHPSG13_1P_256x16_c2_bm_bist": 1,                               
            "sg13cmos5l_and2_1": 2,                                             
            "sg13cmos5l_nor2b_1": 1,                                            
            "sg13cmos5l_tiehi": 25,                                             
            "sg13cmos5l_tielo": 45                                              
         }                                                                      
      }                                                                         
}                                                                               
                                                                                
104. Printing statistics.                                                       
                                                                                
=== tt_um_sram_probe ===                                                        
                                                                                
        +----------Local Count, excluding submodules.                           
        |        +-Local Area, excluding submodules.                            
        |        |                                                              
       73        - wires                                                        
      108        - wire bits                                                    
        9        - public wires                                                 
       44        - public wire bits                                             
        8        - ports                                                        
       43        - port bits                                                    
       74  535.248 cells                                                        
        1        -   RM_IHPSG13_1P_256x16_c2_bm_bist                            
        2   18.144   sg13cmos5l_and2_1                                          
        1    9.072   sg13cmos5l_nor2b_1                                         
       25   181.44   sg13cmos5l_tiehi                                           
       45  326.592   sg13cmos5l_tielo                                           
                                                                                
   Area for cell type \RM_IHPSG13_1P_256x16_c2_bm_bist is unknown!              
                                                                                
   Chip area for module '\tt_um_sram_probe': 535.248000                         
     of which used for sequential elements: 0.000000 (0.00%)                    
                                                                                
105. Executing Verilog backend.                                                 
Dumping module `\tt_um_sram_probe'.                                             
                                                                                
106. Executing JSON backend.                                                    
[19:33:43] VERBOSE  Parsing synthesis checks…                       pyosys.py:59
──────────────────────────── Unmapped Cells Checker ────────────────────────────
[19:33:43] VERBOSE  Running 'Checker.YosysUnmappedCells' at         step.py:1138
                    'experiments/sram_flow_feasibility/runs/attempt             
                    -005-full/07-checker-yosysunmappedcells'…                   
[19:33:43] INFO     Check for Unmapped Yosys instances clear.     checker.py:131
────────────────────────────── Yosys Synth Checks ──────────────────────────────
[19:33:43] VERBOSE  Running 'Checker.YosysSynthChecks' at           step.py:1138
                    'experiments/sram_flow_feasibility/runs/attempt             
                    -005-full/08-checker-yosyssynthchecks'…                     
[19:33:43] INFO     Check for Yosys check errors clear.           checker.py:131
─────────────────────── Netlist Assign Statement Checker ───────────────────────
[19:33:43] VERBOSE  Running 'Checker.NetlistAssignStatements' at    step.py:1138
                    'experiments/sram_flow_feasibility/runs/attempt             
                    -005-full/09-checker-netlistassignstatements'…              
─────────────────────────────── Check SDC Files ────────────────────────────────
[19:33:43] VERBOSE  Running 'OpenROAD.CheckSDCFiles' at             step.py:1138
                    'experiments/sram_flow_feasibility/runs/attempt             
                    -005-full/10-openroad-checksdcfiles'…                       
──────────────────────────── Check Macro Instances ─────────────────────────────
[19:33:43] VERBOSE  Running 'OpenROAD.CheckMacroInstances' at       step.py:1138
                    'experiments/sram_flow_feasibility/runs/attempt             
                    -005-full/11-openroad-checkmacroinstances'…                 
[19:33:43] WARNING  Netlists found for macro                      toolbox.py:268
                    RM_IHPSG13_1P_256x16_c2_bm_bist, but no                     
                    parasitics extraction found at corner                       
                    nom_typ_1p20V_25C. The netlist cannot be used               
                    for timing on this module.                                  
[19:33:43] VERBOSE  Logging subprocess to                           step.py:1338
                    'experiments/sram_flow_feasibility/runs/attempt             
                    -005-full/11-openroad-checkmacroinstances/openr             
                    oad-checkmacroinstances.log'…                               
+ define_corners nom_typ_1p20V_25C                                              
Reading timing models for corner nom_typ_1p20V_25C…                             
Reading cell library for the 'nom_typ_1p20V_25C' corner at                      
'/home/wayne/devel/jane/hardcaml_asic/.toolchain/pdk/ihp-sg13cmos5l/libs.ref/sg1
3cmos5l_stdcell/lib/sg13cmos5l_stdcell_typ_1p20V_25C.lib'…                      
Reading cell library for the 'nom_typ_1p20V_25C' corner at                      
'/home/wayne/devel/jane/hardcaml_asic/.toolchain/pdk/ihp-sg13cmos5l/libs.ref/sg1
3cmos5l_io/lib/sg13cmos5l_io_typ_1p2V_3p3V_25C.lib'…                            
Reading cell library for the 'nom_typ_1p20V_25C' corner at                      
'/home/wayne/devel/jane/hardcaml_asic/.toolchain/pdk/ihp-sg13cmos5l/libs.ref/sg1
3cmos5l_sram/lib/RM_IHPSG13_1P_256x16_c2_bm_bist_typ_1p20V_25C.lib'…            
Reading cell library for the 'nom_typ_1p20V_25C' corner at                      
'/home/wayne/devel/jane/hardcaml_asic/.toolchain/pdk/ihp-sg13cmos5l/libs.ref/sg1
3cmos5l_sram/lib/RM_IHPSG13_1P_256x16_c2_bm_bist_typ_1p20V_25C.lib'…            
Warning:                                                                        
/home/wayne/devel/jane/hardcaml_asic/.toolchain/pdk/ihp-sg13cmos5l/libs.ref/sg13
cmos5l_sram/lib/RM_IHPSG13_1P_256x16_c2_bm_bist_typ_1p20V_25C.lib line 20,      
library RM_IHPSG13_1P_256x16_c2_bm_bist_typ_1p20V_25C already exists.           
Reading top-level netlist at                                                    
'/home/wayne/devel/jane/hardcaml_asic/experiments/sram_flow_feasibility/runs/att
empt-005-full/06-yosys-synthesis/tt_um_sram_probe.nl.v'…                        
Linking design 'tt_um_sram_probe' from netlist…                                 
Reading design constraints file at                                              
'/home/wayne/devel/jane/hardcaml_asic/experiments/sram_flow_feasibility/constrai
nts.sdc'…                                                                       
[INFO] No information on clock propagation in input SDC file-- propagating all  
clocks.                                                                         
─────────────────────── Static Timing Analysis (Pre-PnR) ───────────────────────
[19:33:43] VERBOSE  Running 'OpenROAD.STAPrePNR' at                 step.py:1138
                    'experiments/sram_flow_feasibility/runs/attempt             
                    -005-full/12-openroad-staprepnr'…                           
[19:33:43] WARNING  Netlists found for macro                      toolbox.py:268
                    RM_IHPSG13_1P_256x16_c2_bm_bist, but no                     
                    parasitics extraction found at corner                       
                    nom_fast_1p32V_m40C. The netlist cannot be                  
                    used for timing on this module.                             
[19:33:43] INFO     Starting STA for the nom_fast_1p32V_m40C     openroad.py:759
                    timing corner…                                              
[19:33:43] WARNING  Netlists found for macro                      toolbox.py:268
                    RM_IHPSG13_1P_256x16_c2_bm_bist, but no                     
                    parasitics extraction found at corner                       
                    nom_slow_1p08V_125C. The netlist cannot be                  
                    used for timing on this module.                             
[19:33:43] INFO     Starting STA for the nom_slow_1p08V_125C     openroad.py:759
                    timing corner…                                              
[19:33:43] WARNING  Netlists found for macro                      toolbox.py:268
                    RM_IHPSG13_1P_256x16_c2_bm_bist, but no                     
                    parasitics extraction found at corner                       
                    nom_typ_1p20V_25C. The netlist cannot be used               
                    for timing on this module.                                  
[19:33:43] INFO     Starting STA for the nom_typ_1p20V_25C       openroad.py:759
                    timing corner…                                              
[19:33:43] VERBOSE  Logging subprocess to                           step.py:1338
                    'experiments/sram_flow_feasibility/runs/attempt             
                    -005-full/12-openroad-staprepnr/nom_fast_1p32V_             
                    m40C/sta.log'…                                              
[19:33:43] VERBOSE  Logging subprocess to                           step.py:1338
                    'experiments/sram_flow_feasibility/runs/attempt             
                    -005-full/12-openroad-staprepnr/nom_slow_1p08V_             
                    125C/sta.log'…                                              
[19:33:43] VERBOSE  Logging subprocess to                           step.py:1338
                    'experiments/sram_flow_feasibility/runs/attempt             
                    -005-full/12-openroad-staprepnr/nom_typ_1p20V_2             
                    5C/sta.log'…                                                
[19:33:43] INFO     Finished STA for the nom_fast_1p32V_m40C     openroad.py:774
                    timing corner.                                              
[19:33:43] INFO     Finished STA for the nom_slow_1p08V_125C     openroad.py:774
                    timing corner.                                              
[19:33:43] INFO     Finished STA for the nom_typ_1p20V_25C       openroad.py:774
                    timing corner.                                              
┏━━━━━━━━━━━━━━━━━━━━━━┳━━━━┳━━━━┳━━━━┳━━━━┳━━━━┳━━━┳━━━━┳━━━┳━━━━┳━━━┳━━━━┳━━━┓
┃                      ┃    ┃    ┃    ┃    ┃ of ┃   ┃    ┃   ┃    ┃ … ┃    ┃   ┃
┃                      ┃    ┃ R… ┃    ┃    ┃ w… ┃   ┃ R… ┃   ┃    ┃ … ┃    ┃   ┃
┃                      ┃ H… ┃ to ┃    ┃ H… ┃ r… ┃ … ┃ to ┃   ┃ S… ┃ … ┃ M… ┃ … ┃
┃                      ┃ W… ┃ R… ┃ H… ┃ V… ┃ to ┃ … ┃ R… ┃ … ┃ V… ┃ … ┃ C… ┃ … ┃
┃ Corner/Group         ┃ S… ┃ P… ┃ T… ┃ C… ┃ r… ┃ … ┃ P… ┃ … ┃ C… ┃ … ┃ V… ┃ … ┃
┡━━━━━━━━━━━━━━━━━━━━━━╇━━━━╇━━━━╇━━━━╇━━━━╇━━━━╇━━━╇━━━━╇━━━╇━━━━╇━━━╇━━━━╇━━━┩
│ Overall              │ -… │ N… │ -… │ 81 │ 0  │ … │ N… │ … │ 0  │ 0 │ 0  │ 0 │
│ nom_fast_1p32V_m40C  │ -… │ N… │ -… │ 27 │ 0  │ … │ N… │ … │ 0  │ 0 │ 0  │ 0 │
│ nom_slow_1p08V_125C  │ -… │ N… │ -… │ 27 │ 0  │ … │ N… │ … │ 0  │ 0 │ 0  │ 0 │
│ nom_typ_1p20V_25C    │ -… │ N… │ -… │ 27 │ 0  │ … │ N… │ … │ 0  │ 0 │ 0  │ 0 │
└──────────────────────┴────┴────┴────┴────┴────┴───┴────┴───┴────┴───┴────┴───┘
─────────────────────────── Floorplan Initialization ───────────────────────────
[19:33:43] VERBOSE  Running 'OpenROAD.Floorplan' at                 step.py:1138
                    'experiments/sram_flow_feasibility/runs/attempt             
                    -005-full/13-openroad-floorplan'…                           
[19:33:43] VERBOSE  OpenROAD will use None threads               openroad.py:520
[19:33:43] VERBOSE  Logging subprocess to                           step.py:1338
                    'experiments/sram_flow_feasibility/runs/attempt             
                    -005-full/13-openroad-floorplan/openroad-floorp             
                    lan.log'…                                                   
[19:33:43] WARNING  [ORD-0032] Invalid thread number             openroad.py:321
                    specification: None.                                        
Reading timing models for corner nom_typ_1p20V_25C…                             
Reading timing library for the 'nom_typ_1p20V_25C' corner at                    
'/home/wayne/devel/jane/hardcaml_asic/.toolchain/pdk/ihp-sg13cmos5l/libs.ref/sg1
3cmos5l_stdcell/lib/sg13cmos5l_stdcell_typ_1p20V_25C.lib'…                      
Reading timing library for the 'nom_typ_1p20V_25C' corner at                    
'/home/wayne/devel/jane/hardcaml_asic/.toolchain/pdk/ihp-sg13cmos5l/libs.ref/sg1
3cmos5l_io/lib/sg13cmos5l_io_typ_1p2V_3p3V_25C.lib'…                            
Reading timing library for the 'nom_typ_1p20V_25C' corner at                    
'/home/wayne/devel/jane/hardcaml_asic/.toolchain/pdk/ihp-sg13cmos5l/libs.ref/sg1
3cmos5l_sram/lib/RM_IHPSG13_1P_256x16_c2_bm_bist_typ_1p20V_25C.lib'…            
Reading timing library for the 'nom_typ_1p20V_25C' corner at                    
'/home/wayne/devel/jane/hardcaml_asic/.toolchain/pdk/ihp-sg13cmos5l/libs.ref/sg1
3cmos5l_sram/lib/RM_IHPSG13_1P_256x16_c2_bm_bist_typ_1p20V_25C.lib'…            
[19:33:43] WARNING  [STA-1140]                                   openroad.py:321
                    /home/wayne/devel/jane/hardcaml_asic/.toolch                
                    ain/pdk/ihp-sg13cmos5l/libs.ref/sg13cmos5l_s                
                    ram/lib/RM_IHPSG13_1P_256x16_c2_bm_bist_typ_                
                    1p20V_25C.lib line 20, library                              
                    RM_IHPSG13_1P_256x16_c2_bm_bist_typ_1p20V_25                
                    C already exists.                                           
Reading technology LEF file at                                                  
'/home/wayne/devel/jane/hardcaml_asic/.toolchain/pdk/ihp-sg13cmos5l/libs.ref/sg1
3cmos5l_stdcell/lef/sg13cmos5l_tech.lef'…                                       
[INFO ODB-0227] LEF file:                                                       
/home/wayne/devel/jane/hardcaml_asic/.toolchain/pdk/ihp-sg13cmos5l/libs.ref/sg13
cmos5l_stdcell/lef/sg13cmos5l_tech.lef, created 15 layers, 52 vias              
Reading cell LEF file at                                                        
'/home/wayne/devel/jane/hardcaml_asic/.toolchain/pdk/ihp-sg13cmos5l/libs.ref/sg1
3cmos5l_stdcell/lef/sg13cmos5l_stdcell.lef'…                                    
[INFO ODB-0227] LEF file:                                                       
/home/wayne/devel/jane/hardcaml_asic/.toolchain/pdk/ihp-sg13cmos5l/libs.ref/sg13
cmos5l_stdcell/lef/sg13cmos5l_stdcell.lef, created 84 library cells             
Reading macro LEF file at                                                       
'/home/wayne/devel/jane/hardcaml_asic/.toolchain/pdk/ihp-sg13cmos5l/libs.ref/sg1
3cmos5l_sram/lef/RM_IHPSG13_1P_256x16_c2_bm_bist.lef'…                          
[INFO ODB-0227] LEF file:                                                       
/home/wayne/devel/jane/hardcaml_asic/.toolchain/pdk/ihp-sg13cmos5l/libs.ref/sg13
cmos5l_sram/lef/RM_IHPSG13_1P_256x16_c2_bm_bist.lef, created 1 library cells    
Reading gpio pad LEF file at                                                    
'/home/wayne/devel/jane/hardcaml_asic/.toolchain/pdk/ihp-sg13cmos5l/libs.ref/sg1
3cmos5l_io/lef/sg13cmos5l_io.lef'…                                              
[INFO ODB-0227] LEF file:                                                       
/home/wayne/devel/jane/hardcaml_asic/.toolchain/pdk/ihp-sg13cmos5l/libs.ref/sg13
cmos5l_io/lef/sg13cmos5l_io.lef, created 22 library cells                       
Reading top-level netlist at                                                    
'/home/wayne/devel/jane/hardcaml_asic/experiments/sram_flow_feasibility/runs/att
empt-005-full/06-yosys-synthesis/tt_um_sram_probe.nl.v'…                        
Linking design 'tt_um_sram_probe' from netlist…                                 
Reading design constraints file at                                              
'/home/wayne/devel/jane/hardcaml_asic/experiments/sram_flow_feasibility/constrai
nts.sdc'…                                                                       
[INFO] No information on clock propagation in input SDC file-- propagating all  
clocks.                                                                         
Using site height: 3.78 and site width: 0.48…                                   
[INFO] Using absolute sizing for the floorplan.                                 
+ initialize_floorplan -site CoreSite -die_area 0.0 0.0 1289.28 710.64          
-core_area 2.88 3.78 1286.3999999999999 706.86                                  
[INFO IFP-0001] Added 186 rows of 2674 site CoreSite.                           
[INFO IFP-0100] Die BBox:  (  0.000  0.000 ) ( 1289.280 710.640 ) um            
[INFO IFP-0101] Core BBox: (  2.880  3.780 ) ( 1286.400 706.860 ) um            
[INFO IFP-0102] Core area:                       902417.242 um^2                
[INFO IFP-0103] Total instances area:             28662.352 um^2                
[INFO IFP-0104] Effective utilization:                0.032                     
[INFO IFP-0105] Number of instances:                     74                     
[INFO IFP-0030] Inserted 0 tiecells using sg13cmos5l_tielo/L_LO.                
[INFO IFP-0030] Inserted 0 tiecells using sg13cmos5l_tiehi/L_HI.                
[INFO] Extracting DIE_AREA and CORE_AREA from the floorplan                     
[INFO] Floorplanned on a die area of 0.0 0.0 1289.28 710.64 (µm).               
[INFO] Floorplanned on a core area of 2.88 3.78 1286.4 706.86 (µm).             
Writing metric design__die__bbox: 0.0 0.0 1289.28 710.64                        
Writing metric design__core__bbox: 2.88 3.78 1286.4 706.86                      
Setting global connections for newly added cells…                               
[INFO] Setting global connections...                                            
memory.sram matched with memory.sram                                            
memory.sram matched with memory.sram                                            
[INFO ODB-0403] 0 connections made, 0 conflicts skipped.                        
Updating metrics…                                                               
Cell type report:                       Count       Area                        
  Macro                                     1   28127.10                        
  Multi-Input combinational cell           73     535.25                        
  Total                                    74   28662.35                        
Writing OpenROAD database to                                                    
'/home/wayne/devel/jane/hardcaml_asic/experiments/sram_flow_feasibility/runs/att
empt-005-full/13-openroad-floorplan/tt_um_sram_probe.odb'…                      
Writing netlist to                                                              
'/home/wayne/devel/jane/hardcaml_asic/experiments/sram_flow_feasibility/runs/att
empt-005-full/13-openroad-floorplan/tt_um_sram_probe.nl.v'…                     
Writing powered netlist to                                                      
'/home/wayne/devel/jane/hardcaml_asic/experiments/sram_flow_feasibility/runs/att
empt-005-full/13-openroad-floorplan/tt_um_sram_probe.pnl.v'…                    
Writing layout to                                                               
'/home/wayne/devel/jane/hardcaml_asic/experiments/sram_flow_feasibility/runs/att
empt-005-full/13-openroad-floorplan/tt_um_sram_probe.def'…                      
Writing timing constraints to                                                   
'/home/wayne/devel/jane/hardcaml_asic/experiments/sram_flow_feasibility/runs/att
empt-005-full/13-openroad-floorplan/tt_um_sram_probe.sdc'…                      
──────────────────────────────── Dump RC Values ────────────────────────────────
[19:33:43] VERBOSE  Running 'OpenROAD.DumpRCValues' at              step.py:1138
                    'experiments/sram_flow_feasibility/runs/attempt             
                    -005-full/14-openroad-dumprcvalues'…                        
[19:33:43] VERBOSE  OpenROAD will use None threads               openroad.py:520
[19:33:43] VERBOSE  Logging subprocess to                           step.py:1338
                    'experiments/sram_flow_feasibility/runs/attempt             
                    -005-full/14-openroad-dumprcvalues/openroad-dum             
                    prcvalues.log'…                                             
[19:33:44] WARNING  [ORD-0032] Invalid thread number             openroad.py:321
                    specification: None.                                        
Reading timing models for corner nom_typ_1p20V_25C…                             
Reading timing library for the 'nom_typ_1p20V_25C' corner at                    
'/home/wayne/devel/jane/hardcaml_asic/.toolchain/pdk/ihp-sg13cmos5l/libs.ref/sg1
3cmos5l_stdcell/lib/sg13cmos5l_stdcell_typ_1p20V_25C.lib'…                      
Reading timing library for the 'nom_typ_1p20V_25C' corner at                    
'/home/wayne/devel/jane/hardcaml_asic/.toolchain/pdk/ihp-sg13cmos5l/libs.ref/sg1
3cmos5l_io/lib/sg13cmos5l_io_typ_1p2V_3p3V_25C.lib'…                            
Reading timing library for the 'nom_typ_1p20V_25C' corner at                    
'/home/wayne/devel/jane/hardcaml_asic/.toolchain/pdk/ihp-sg13cmos5l/libs.ref/sg1
3cmos5l_sram/lib/RM_IHPSG13_1P_256x16_c2_bm_bist_typ_1p20V_25C.lib'…            
Reading timing library for the 'nom_typ_1p20V_25C' corner at                    
'/home/wayne/devel/jane/hardcaml_asic/.toolchain/pdk/ihp-sg13cmos5l/libs.ref/sg1
3cmos5l_sram/lib/RM_IHPSG13_1P_256x16_c2_bm_bist_typ_1p20V_25C.lib'…            
[19:33:44] WARNING  [STA-1140]                                   openroad.py:321
                    /home/wayne/devel/jane/hardcaml_asic/.toolch                
                    ain/pdk/ihp-sg13cmos5l/libs.ref/sg13cmos5l_s                
                    ram/lib/RM_IHPSG13_1P_256x16_c2_bm_bist_typ_                
                    1p20V_25C.lib line 20, library                              
                    RM_IHPSG13_1P_256x16_c2_bm_bist_typ_1p20V_25                
                    C already exists.                                           
Reading technology LEF file at                                                  
'/home/wayne/devel/jane/hardcaml_asic/.toolchain/pdk/ihp-sg13cmos5l/libs.ref/sg1
3cmos5l_stdcell/lef/sg13cmos5l_tech.lef'…                                       
[INFO ODB-0227] LEF file:                                                       
/home/wayne/devel/jane/hardcaml_asic/.toolchain/pdk/ihp-sg13cmos5l/libs.ref/sg13
cmos5l_stdcell/lef/sg13cmos5l_tech.lef, created 15 layers, 52 vias              
Reading cell LEF file at                                                        
'/home/wayne/devel/jane/hardcaml_asic/.toolchain/pdk/ihp-sg13cmos5l/libs.ref/sg1
3cmos5l_stdcell/lef/sg13cmos5l_stdcell.lef'…                                    
[INFO ODB-0227] LEF file:                                                       
/home/wayne/devel/jane/hardcaml_asic/.toolchain/pdk/ihp-sg13cmos5l/libs.ref/sg13
cmos5l_stdcell/lef/sg13cmos5l_stdcell.lef, created 84 library cells             
Reading macro LEF file at                                                       
'/home/wayne/devel/jane/hardcaml_asic/.toolchain/pdk/ihp-sg13cmos5l/libs.ref/sg1
3cmos5l_sram/lef/RM_IHPSG13_1P_256x16_c2_bm_bist.lef'…                          
[INFO ODB-0227] LEF file:                                                       
/home/wayne/devel/jane/hardcaml_asic/.toolchain/pdk/ihp-sg13cmos5l/libs.ref/sg13
cmos5l_sram/lef/RM_IHPSG13_1P_256x16_c2_bm_bist.lef, created 1 library cells    
Reading gpio pad LEF file at                                                    
'/home/wayne/devel/jane/hardcaml_asic/.toolchain/pdk/ihp-sg13cmos5l/libs.ref/sg1
3cmos5l_io/lef/sg13cmos5l_io.lef'…                                              
[INFO ODB-0227] LEF file:                                                       
/home/wayne/devel/jane/hardcaml_asic/.toolchain/pdk/ihp-sg13cmos5l/libs.ref/sg13
cmos5l_io/lef/sg13cmos5l_io.lef, created 22 library cells                       
[INFO ODB-0127] Reading DEF file:                                               
/home/wayne/devel/jane/hardcaml_asic/experiments/sram_flow_feasibility/runs/atte
mpt-005-full/13-openroad-floorplan/tt_um_sram_probe.def                         
[INFO ODB-0128] Design: tt_um_sram_probe                                        
[INFO ODB-0130]     Created 43 pins.                                            
[INFO ODB-0131]     Created 74 components and 334 component-terminals.          
[INFO ODB-0132]     Created 2 special nets and 149 connections.                 
[INFO ODB-0133]     Created 108 nets and 185 connections.                       
[INFO ODB-0134] Finished DEF file:                                              
/home/wayne/devel/jane/hardcaml_asic/experiments/sram_flow_feasibility/runs/atte
mpt-005-full/13-openroad-floorplan/tt_um_sram_probe.def                         
────────── Check Antenna Properties of Macros Pins in Their LEF Views ──────────
[19:33:44] VERBOSE  Running 'Odb.CheckMacroAntennaProperties' at    step.py:1138
                    'experiments/sram_flow_feasibility/runs/attempt             
                    -005-full/15-odb-checkmacroantennaproperties'…              
[19:33:44] VERBOSE  Logging subprocess to                           step.py:1338
                    'experiments/sram_flow_feasibility/runs/attempt             
                    -005-full/15-odb-checkmacroantennaproperties/od             
                    b-checkmacroantennaproperties.log'…                         
──────────────────────────── Set Power Connections ─────────────────────────────
[19:33:44] VERBOSE  Running 'Odb.SetPowerConnections' at            step.py:1138
                    'experiments/sram_flow_feasibility/runs/attempt             
                    -005-full/16-odb-setpowerconnections'…                      
[19:33:44] VERBOSE  Logging subprocess to                           step.py:1338
                    'experiments/sram_flow_feasibility/runs/attempt             
                    -005-full/16-odb-setpowerconnections/odb-setpow             
                    erconnections.log'…                                         
──────────────────────────── Manual Macro Placement ────────────────────────────
[19:33:45] VERBOSE  Running 'Odb.ManualMacroPlacement' at           step.py:1138
                    'experiments/sram_flow_feasibility/runs/attempt             
                    -005-full/17-odb-manualmacroplacement'…                     
[19:33:45] VERBOSE  Logging subprocess to                           step.py:1338
                    'experiments/sram_flow_feasibility/runs/attempt             
                    -005-full/17-odb-manualmacroplacement/odb-manua             
                    lmacroplacement.log'…                                       
Placing the following macros:                                                   
{'memory.sram': ['memory.sram', 42000, 81000, 'N']}                             
Design name: tt_um_sram_probe                                                   
Placing memory.sram                                                             
Successfully placed 1 instances.                                                
─────────────────────────────────── Cut Rows ───────────────────────────────────
[19:33:45] VERBOSE  Running 'OpenROAD.CutRows' at                   step.py:1138
                    'experiments/sram_flow_feasibility/runs/attempt             
                    -005-full/18-openroad-cutrows'…                             
[19:33:45] VERBOSE  OpenROAD will use None threads               openroad.py:520
[19:33:45] VERBOSE  Logging subprocess to                           step.py:1338
                    'experiments/sram_flow_feasibility/runs/attempt             
                    -005-full/18-openroad-cutrows/openroad-cutrows.             
                    log'…                                                       
[19:33:45] WARNING  [ORD-0032] Invalid thread number             openroad.py:321
                    specification: None.                                        
Reading timing models for corner nom_typ_1p20V_25C…                             
Reading timing library for the 'nom_typ_1p20V_25C' corner at                    
'/home/wayne/devel/jane/hardcaml_asic/.toolchain/pdk/ihp-sg13cmos5l/libs.ref/sg1
3cmos5l_stdcell/lib/sg13cmos5l_stdcell_typ_1p20V_25C.lib'…                      
Reading timing library for the 'nom_typ_1p20V_25C' corner at                    
'/home/wayne/devel/jane/hardcaml_asic/.toolchain/pdk/ihp-sg13cmos5l/libs.ref/sg1
3cmos5l_io/lib/sg13cmos5l_io_typ_1p2V_3p3V_25C.lib'…                            
Reading timing library for the 'nom_typ_1p20V_25C' corner at                    
'/home/wayne/devel/jane/hardcaml_asic/.toolchain/pdk/ihp-sg13cmos5l/libs.ref/sg1
3cmos5l_sram/lib/RM_IHPSG13_1P_256x16_c2_bm_bist_typ_1p20V_25C.lib'…            
Reading timing library for the 'nom_typ_1p20V_25C' corner at                    
'/home/wayne/devel/jane/hardcaml_asic/.toolchain/pdk/ihp-sg13cmos5l/libs.ref/sg1
3cmos5l_sram/lib/RM_IHPSG13_1P_256x16_c2_bm_bist_typ_1p20V_25C.lib'…            
[19:33:45] WARNING  [STA-1140]                                   openroad.py:321
                    /home/wayne/devel/jane/hardcaml_asic/.toolch                
                    ain/pdk/ihp-sg13cmos5l/libs.ref/sg13cmos5l_s                
                    ram/lib/RM_IHPSG13_1P_256x16_c2_bm_bist_typ_                
                    1p20V_25C.lib line 20, library                              
                    RM_IHPSG13_1P_256x16_c2_bm_bist_typ_1p20V_25                
                    C already exists.                                           
Reading OpenROAD database at                                                    
'/home/wayne/devel/jane/hardcaml_asic/experiments/sram_flow_feasibility/runs/att
empt-005-full/17-odb-manualmacroplacement/tt_um_sram_probe.odb'…                
Reading design constraints file at                                              
'/home/wayne/devel/jane/hardcaml_asic/experiments/sram_flow_feasibility/constrai
nts.sdc'…                                                                       
[INFO] No information on clock propagation in input SDC file-- propagating all  
clocks.                                                                         
+ cut_rows -halo_width_x 2.0 -halo_width_y 2.0                                  
[INFO ODB-0303] The initial 186 rows (497364 sites) were cut with 1 shapes for a
total of 220 rows (480296 sites).                                               
Setting global connections for newly added cells…                               
[INFO] Setting global connections...                                            
memory.sram matched with memory.sram                                            
memory.sram matched with memory.sram                                            
[INFO ODB-0403] 0 connections made, 0 conflicts skipped.                        
Updating metrics…                                                               
Cell type report:                       Count       Area                        
  Macro                                     1   28127.10                        
  Multi-Input combinational cell           73     535.25                        
  Total                                    74   28662.35                        
Writing OpenROAD database to                                                    
'/home/wayne/devel/jane/hardcaml_asic/experiments/sram_flow_feasibility/runs/att
empt-005-full/18-openroad-cutrows/tt_um_sram_probe.odb'…                        
Writing layout to                                                               
'/home/wayne/devel/jane/hardcaml_asic/experiments/sram_flow_feasibility/runs/att
empt-005-full/18-openroad-cutrows/tt_um_sram_probe.def'…                        
───────────────────────────── Tap/Decap Insertion ──────────────────────────────
[19:33:46] VERBOSE  Running 'OpenROAD.TapEndcapInsertion' at        step.py:1138
                    'experiments/sram_flow_feasibility/runs/attempt             
                    -005-full/19-openroad-tapendcapinsertion'…                  
[19:33:46] VERBOSE  OpenROAD will use None threads               openroad.py:520
[19:33:46] VERBOSE  Logging subprocess to                           step.py:1338
                    'experiments/sram_flow_feasibility/runs/attempt             
                    -005-full/19-openroad-tapendcapinsertion/openro             
                    ad-tapendcapinsertion.log'…                                 
[19:33:46] WARNING  [ORD-0032] Invalid thread number             openroad.py:321
                    specification: None.                                        
Reading timing models for corner nom_typ_1p20V_25C…                             
Reading timing library for the 'nom_typ_1p20V_25C' corner at                    
'/home/wayne/devel/jane/hardcaml_asic/.toolchain/pdk/ihp-sg13cmos5l/libs.ref/sg1
3cmos5l_stdcell/lib/sg13cmos5l_stdcell_typ_1p20V_25C.lib'…                      
Reading timing library for the 'nom_typ_1p20V_25C' corner at                    
'/home/wayne/devel/jane/hardcaml_asic/.toolchain/pdk/ihp-sg13cmos5l/libs.ref/sg1
3cmos5l_io/lib/sg13cmos5l_io_typ_1p2V_3p3V_25C.lib'…                            
Reading timing library for the 'nom_typ_1p20V_25C' corner at                    
'/home/wayne/devel/jane/hardcaml_asic/.toolchain/pdk/ihp-sg13cmos5l/libs.ref/sg1
3cmos5l_sram/lib/RM_IHPSG13_1P_256x16_c2_bm_bist_typ_1p20V_25C.lib'…            
Reading timing library for the 'nom_typ_1p20V_25C' corner at                    
'/home/wayne/devel/jane/hardcaml_asic/.toolchain/pdk/ihp-sg13cmos5l/libs.ref/sg1
3cmos5l_sram/lib/RM_IHPSG13_1P_256x16_c2_bm_bist_typ_1p20V_25C.lib'…            
[19:33:46] WARNING  [STA-1140]                                   openroad.py:321
                    /home/wayne/devel/jane/hardcaml_asic/.toolch                
                    ain/pdk/ihp-sg13cmos5l/libs.ref/sg13cmos5l_s                
                    ram/lib/RM_IHPSG13_1P_256x16_c2_bm_bist_typ_                
                    1p20V_25C.lib line 20, library                              
                    RM_IHPSG13_1P_256x16_c2_bm_bist_typ_1p20V_25                
                    C already exists.                                           
Reading OpenROAD database at                                                    
'/home/wayne/devel/jane/hardcaml_asic/experiments/sram_flow_feasibility/runs/att
empt-005-full/18-openroad-cutrows/tt_um_sram_probe.odb'…                        
Reading design constraints file at                                              
'/home/wayne/devel/jane/hardcaml_asic/experiments/sram_flow_feasibility/constrai
nts.sdc'…                                                                       
[INFO] No information on clock propagation in input SDC file-- propagating all  
clocks.                                                                         
+ tapcell -halo_width_x 2.0 -halo_width_y 2.0 -distance 0.0                     
[INFO ODB-0303] The initial 220 rows (480296 sites) were cut with 1 shapes for a
total of 220 rows (480296 sites).                                               
Setting global connections for newly added cells…                               
[INFO] Setting global connections...                                            
memory.sram matched with memory.sram                                            
memory.sram matched with memory.sram                                            
[INFO ODB-0403] 0 connections made, 0 conflicts skipped.                        
Updating metrics…                                                               
Cell type report:                       Count       Area                        
  Macro                                     1   28127.10                        
  Multi-Input combinational cell           73     535.25                        
  Total                                    74   28662.35                        
Writing OpenROAD database to                                                    
'/home/wayne/devel/jane/hardcaml_asic/experiments/sram_flow_feasibility/runs/att
empt-005-full/19-openroad-tapendcapinsertion/tt_um_sram_probe.odb'…             
Writing netlist to                                                              
'/home/wayne/devel/jane/hardcaml_asic/experiments/sram_flow_feasibility/runs/att
empt-005-full/19-openroad-tapendcapinsertion/tt_um_sram_probe.nl.v'…            
Writing powered netlist to                                                      
'/home/wayne/devel/jane/hardcaml_asic/experiments/sram_flow_feasibility/runs/att
empt-005-full/19-openroad-tapendcapinsertion/tt_um_sram_probe.pnl.v'…           
Writing layout to                                                               
'/home/wayne/devel/jane/hardcaml_asic/experiments/sram_flow_feasibility/runs/att
empt-005-full/19-openroad-tapendcapinsertion/tt_um_sram_probe.def'…             
Writing timing constraints to                                                   
'/home/wayne/devel/jane/hardcaml_asic/experiments/sram_flow_feasibility/runs/att
empt-005-full/19-openroad-tapendcapinsertion/tt_um_sram_probe.sdc'…             
───────────────────────────── Add PDN obstructions ─────────────────────────────
[19:33:46] VERBOSE  Running 'Odb.AddPDNObstructions' at             step.py:1138
                    'experiments/sram_flow_feasibility/runs/attempt             
                    -005-full/20-odb-addpdnobstructions'…                       
[19:33:46] INFO     'PDN_OBSTRUCTIONS' is not defined. Skipping       odb.py:589
                    'Odb.AddPDNObstructions'…                                   
──────────────────── Power Distribution Network Generation ─────────────────────
[19:33:46] VERBOSE  Running 'OpenROAD.GeneratePDN' at               step.py:1138
                    'experiments/sram_flow_feasibility/runs/attempt             
                    -005-full/21-openroad-generatepdn'…                         
[19:33:46] VERBOSE  OpenROAD will use None threads               openroad.py:520
[19:33:46] VERBOSE  Logging subprocess to                           step.py:1338
                    'experiments/sram_flow_feasibility/runs/attempt             
                    -005-full/21-openroad-generatepdn/openroad-gene             
                    ratepdn.log'…                                               
[19:33:46] WARNING  [ORD-0032] Invalid thread number             openroad.py:321
                    specification: None.                                        
Reading timing models for corner nom_typ_1p20V_25C…                             
Reading timing library for the 'nom_typ_1p20V_25C' corner at                    
'/home/wayne/devel/jane/hardcaml_asic/.toolchain/pdk/ihp-sg13cmos5l/libs.ref/sg1
3cmos5l_stdcell/lib/sg13cmos5l_stdcell_typ_1p20V_25C.lib'…                      
Reading timing library for the 'nom_typ_1p20V_25C' corner at                    
'/home/wayne/devel/jane/hardcaml_asic/.toolchain/pdk/ihp-sg13cmos5l/libs.ref/sg1
3cmos5l_io/lib/sg13cmos5l_io_typ_1p2V_3p3V_25C.lib'…                            
Reading timing library for the 'nom_typ_1p20V_25C' corner at                    
'/home/wayne/devel/jane/hardcaml_asic/.toolchain/pdk/ihp-sg13cmos5l/libs.ref/sg1
3cmos5l_sram/lib/RM_IHPSG13_1P_256x16_c2_bm_bist_typ_1p20V_25C.lib'…            
Reading timing library for the 'nom_typ_1p20V_25C' corner at                    
'/home/wayne/devel/jane/hardcaml_asic/.toolchain/pdk/ihp-sg13cmos5l/libs.ref/sg1
3cmos5l_sram/lib/RM_IHPSG13_1P_256x16_c2_bm_bist_typ_1p20V_25C.lib'…            
[19:33:46] WARNING  [STA-1140]                                   openroad.py:321
                    /home/wayne/devel/jane/hardcaml_asic/.toolch                
                    ain/pdk/ihp-sg13cmos5l/libs.ref/sg13cmos5l_s                
                    ram/lib/RM_IHPSG13_1P_256x16_c2_bm_bist_typ_                
                    1p20V_25C.lib line 20, library                              
                    RM_IHPSG13_1P_256x16_c2_bm_bist_typ_1p20V_25                
                    C already exists.                                           
Reading OpenROAD database at                                                    
'/home/wayne/devel/jane/hardcaml_asic/experiments/sram_flow_feasibility/runs/att
empt-005-full/19-openroad-tapendcapinsertion/tt_um_sram_probe.odb'…             
Reading design constraints file at                                              
'/home/wayne/devel/jane/hardcaml_asic/experiments/sram_flow_feasibility/constrai
nts.sdc'…                                                                       
[INFO] No information on clock propagation in input SDC file-- propagating all  
clocks.                                                                         
[INFO] Setting global connections...                                            
memory.sram matched with memory.sram                                            
memory.sram matched with memory.sram                                            
[INFO ODB-0403] 0 connections made, 0 conflicts skipped.                        
+ pdngen                                                                        
[INFO PDN-0001] Inserting grid: stdcell_grid                                    
Setting global connections for newly added cells…                               
[INFO] Setting global connections...                                            
memory.sram matched with memory.sram                                            
memory.sram matched with memory.sram                                            
[INFO ODB-0403] 0 connections made, 0 conflicts skipped.                        
Updating metrics…                                                               
Cell type report:                       Count       Area                        
  Macro                                     1   28127.10                        
  Multi-Input combinational cell           73     535.25                        
  Total                                    74   28662.35                        
Writing OpenROAD database to                                                    
'/home/wayne/devel/jane/hardcaml_asic/experiments/sram_flow_feasibility/runs/att
empt-005-full/21-openroad-generatepdn/tt_um_sram_probe.odb'…                    
Writing netlist to                                                              
'/home/wayne/devel/jane/hardcaml_asic/experiments/sram_flow_feasibility/runs/att
empt-005-full/21-openroad-generatepdn/tt_um_sram_probe.nl.v'…                   
Writing powered netlist to                                                      
'/home/wayne/devel/jane/hardcaml_asic/experiments/sram_flow_feasibility/runs/att
empt-005-full/21-openroad-generatepdn/tt_um_sram_probe.pnl.v'…                  
Writing layout to                                                               
'/home/wayne/devel/jane/hardcaml_asic/experiments/sram_flow_feasibility/runs/att
empt-005-full/21-openroad-generatepdn/tt_um_sram_probe.def'…                    
Writing timing constraints to                                                   
'/home/wayne/devel/jane/hardcaml_asic/experiments/sram_flow_feasibility/runs/att
empt-005-full/21-openroad-generatepdn/tt_um_sram_probe.sdc'…                    
[INFO PSM-0040] All shapes on net VPWR are connected.                           
[INFO PSM-0040] All shapes on net VGND are connected.                           
─────────────────────────── Remove PDN obstructions ────────────────────────────
[19:33:46] VERBOSE  Running 'Odb.RemovePDNObstructions' at          step.py:1138
                    'experiments/sram_flow_feasibility/runs/attempt             
                    -005-full/22-odb-removepdnobstructions'…                    
[19:33:47] INFO     'PDN_OBSTRUCTIONS' is not defined. Skipping       odb.py:589
                    'Odb.RemovePDNObstructions'…                                
─────────────────────────────── Add Obstructions ───────────────────────────────
[19:33:47] VERBOSE  Running 'Odb.AddRoutingObstructions' at         step.py:1138
                    'experiments/sram_flow_feasibility/runs/attempt             
                    -005-full/23-odb-addroutingobstructions'…                   
[19:33:47] INFO     'ROUTING_OBSTRUCTIONS' is not defined. Skipping   odb.py:589
                    'Odb.AddRoutingObstructions'…                               
─────────────────────────── Global Placement Skip IO ───────────────────────────
[19:33:47] VERBOSE  Running 'OpenROAD.GlobalPlacementSkipIO' at     step.py:1138
                    'experiments/sram_flow_feasibility/runs/attempt             
                    -005-full/24-openroad-globalplacementskipio'…               
[19:33:47] INFO     I/O pins were loaded from                   openroad.py:1708
                    /home/wayne/devel/jane/hardcaml_asic/.toolc                 
                    hain/tt-sram-s3-cfa06bae/tech/ihp-sg13cmos5                 
                    l/def/tt_block_6x4_pgvdd.def. Returning                     
                    state unaltered…                                            
──────────────────────────────── I/O Placement ─────────────────────────────────
[19:33:47] VERBOSE  Running 'OpenROAD.IOPlacement' at               step.py:1138
                    'experiments/sram_flow_feasibility/runs/attempt             
                    -005-full/25-openroad-ioplacement'…                         
[19:33:47] INFO     I/O pins were loaded from                   openroad.py:1383
                    /home/wayne/devel/jane/hardcaml_asic/.toolc                 
                    hain/tt-sram-s3-cfa06bae/tech/ihp-sg13cmos5                 
                    l/def/tt_block_6x4_pgvdd.def. Skipping                      
                    OpenROAD.IOPlacement…                                       
─────────────────────── Custom I/O Pin Placement Script ────────────────────────
[19:33:47] VERBOSE  Running 'Odb.CustomIOPlacement' at              step.py:1138
                    'experiments/sram_flow_feasibility/runs/attempt             
                    -005-full/26-odb-customioplacement'…                        
[19:33:47] INFO     No custom I/O placement file configured, skipping odb.py:718
                    'Odb.CustomIOPlacement'…                                    
────────────────────────────── Apply DEF Template ──────────────────────────────
[19:33:47] VERBOSE  Running 'Odb.ApplyDEFTemplate' at               step.py:1138
                    'experiments/sram_flow_feasibility/runs/attempt             
                    -005-full/27-odb-applydeftemplate'…                         
[19:33:47] VERBOSE  Logging subprocess to                           step.py:1338
                    'experiments/sram_flow_feasibility/runs/attempt             
                    -005-full/27-odb-applydeftemplate/odb-applydeft             
                    emplate.log'…                                               
[19:33:47] WARNING  Bterm VPWR is declared as a 'POWER' pin. It will   odb.py:71
                    be ignored.                                                 
[19:33:47] WARNING  Bterm VGND is declared as a 'GROUND' pin. It will  odb.py:71
                    be ignored.                                                 
[INFO ODB-0227] LEF file:                                                       
/home/wayne/devel/jane/hardcaml_asic/.toolchain/pdk/ihp-sg13cmos5l/libs.ref/sg13
cmos5l_stdcell/lef/sg13cmos5l_tech.lef, created 15 layers, 52 vias              
[INFO ODB-0227] LEF file:                                                       
/home/wayne/devel/jane/hardcaml_asic/.toolchain/pdk/ihp-sg13cmos5l/libs.ref/sg13
cmos5l_stdcell/lef/sg13cmos5l_stdcell.lef, created 84 library cells             
[INFO ODB-0227] LEF file:                                                       
/home/wayne/devel/jane/hardcaml_asic/.toolchain/pdk/ihp-sg13cmos5l/libs.ref/sg13
cmos5l_io/lef/sg13cmos5l_io.lef, created 22 library cells                       
[INFO ODB-0127] Reading DEF file:                                               
/home/wayne/devel/jane/hardcaml_asic/.toolchain/tt-sram-s3-cfa06bae/tech/ihp-sg1
3cmos5l/def/tt_block_6x4_pgvdd.def                                              
[INFO ODB-0128] Design: tt_um_template                                          
[INFO ODB-0130]     Created 43 pins.                                            
[INFO ODB-0132]     Created 2 special nets and 0 connections.                   
[INFO ODB-0133]     Created 43 nets and 0 connections.                          
[INFO ODB-0134] Finished DEF file:                                              
/home/wayne/devel/jane/hardcaml_asic/.toolchain/tt-sram-s3-cfa06bae/tech/ihp-sg1
3cmos5l/def/tt_block_6x4_pgvdd.def                                              
[INFO ODB-0227] LEF file:                                                       
/home/wayne/devel/jane/hardcaml_asic/.toolchain/pdk/ihp-sg13cmos5l/libs.ref/sg13
cmos5l_stdcell/lef/sg13cmos5l_tech.lef, created 15 layers, 52 vias              
[INFO ODB-0227] LEF file:                                                       
/home/wayne/devel/jane/hardcaml_asic/.toolchain/pdk/ihp-sg13cmos5l/libs.ref/sg13
cmos5l_stdcell/lef/sg13cmos5l_stdcell.lef, created 84 library cells             
[INFO ODB-0227] LEF file:                                                       
/home/wayne/devel/jane/hardcaml_asic/.toolchain/pdk/ihp-sg13cmos5l/libs.ref/sg13
cmos5l_io/lef/sg13cmos5l_io.lef, created 22 library cells                       
[INFO ODB-0127] Reading DEF file:                                               
/home/wayne/devel/jane/hardcaml_asic/.toolchain/tt-sram-s3-cfa06bae/tech/ihp-sg1
3cmos5l/def/tt_block_6x4_pgvdd.def                                              
[INFO ODB-0128] Design: tt_um_template                                          
[INFO ODB-0130]     Created 43 pins.                                            
[INFO ODB-0132]     Created 2 special nets and 0 connections.                   
[INFO ODB-0133]     Created 43 nets and 0 connections.                          
[INFO ODB-0134] Finished DEF file:                                              
/home/wayne/devel/jane/hardcaml_asic/.toolchain/tt-sram-s3-cfa06bae/tech/ihp-sg1
3cmos5l/def/tt_block_6x4_pgvdd.def                                              
Using manufacturing grid: 5 Using dbu per mircons: 1000                         
Found 43 block terminals in existing database...                                
Found 43 template_bterms…                                                       
Wrote pin clk at layer Metal4 at (187050, 709640, 187350, 710640, 'PLACED')...  
Wrote pin ena at layer Metal4 at (190890, 709640, 191190, 710640, 'PLACED')...  
Wrote pin rst_n at layer Metal4 at (183210, 709640, 183510, 710640, 'PLACED')...
Wrote pin ui_in[0] at layer Metal4 at (179370, 709640, 179670, 710640,          
'PLACED')...                                                                    
Wrote pin ui_in[1] at layer Metal4 at (175530, 709640, 175830, 710640,          
'PLACED')...                                                                    
Wrote pin ui_in[2] at layer Metal4 at (171690, 709640, 171990, 710640,          
'PLACED')...                                                                    
Wrote pin ui_in[3] at layer Metal4 at (167850, 709640, 168150, 710640,          
'PLACED')...                                                                    
Wrote pin ui_in[4] at layer Metal4 at (164010, 709640, 164310, 710640,          
'PLACED')...                                                                    
Wrote pin ui_in[5] at layer Metal4 at (160170, 709640, 160470, 710640,          
'PLACED')...                                                                    
Wrote pin ui_in[6] at layer Metal4 at (156330, 709640, 156630, 710640,          
'PLACED')...                                                                    
Wrote pin ui_in[7] at layer Metal4 at (152490, 709640, 152790, 710640,          
'PLACED')...                                                                    
Wrote pin uio_in[0] at layer Metal4 at (148650, 709640, 148950, 710640,         
'PLACED')...                                                                    
Wrote pin uio_in[1] at layer Metal4 at (144810, 709640, 145110, 710640,         
'PLACED')...                                                                    
Wrote pin uio_in[2] at layer Metal4 at (140970, 709640, 141270, 710640,         
'PLACED')...                                                                    
Wrote pin uio_in[3] at layer Metal4 at (137130, 709640, 137430, 710640,         
'PLACED')...                                                                    
Wrote pin uio_in[4] at layer Metal4 at (133290, 709640, 133590, 710640,         
'PLACED')...                                                                    
Wrote pin uio_in[5] at layer Metal4 at (129450, 709640, 129750, 710640,         
'PLACED')...                                                                    
Wrote pin uio_in[6] at layer Metal4 at (125610, 709640, 125910, 710640,         
'PLACED')...                                                                    
Wrote pin uio_in[7] at layer Metal4 at (121770, 709640, 122070, 710640,         
'PLACED')...                                                                    
Wrote pin uio_oe[0] at layer Metal4 at (56490, 709640, 56790, 710640,           
'PLACED')...                                                                    
Wrote pin uio_oe[1] at layer Metal4 at (52650, 709640, 52950, 710640,           
'PLACED')...                                                                    
Wrote pin uio_oe[2] at layer Metal4 at (48810, 709640, 49110, 710640,           
'PLACED')...                                                                    
Wrote pin uio_oe[3] at layer Metal4 at (44970, 709640, 45270, 710640,           
'PLACED')...                                                                    
Wrote pin uio_oe[4] at layer Metal4 at (41130, 709640, 41430, 710640,           
'PLACED')...                                                                    
Wrote pin uio_oe[5] at layer Metal4 at (37290, 709640, 37590, 710640,           
'PLACED')...                                                                    
Wrote pin uio_oe[6] at layer Metal4 at (33450, 709640, 33750, 710640,           
'PLACED')...                                                                    
Wrote pin uio_oe[7] at layer Metal4 at (29610, 709640, 29910, 710640,           
'PLACED')...                                                                    
Wrote pin uio_out[0] at layer Metal4 at (87210, 709640, 87510, 710640,          
'PLACED')...                                                                    
Wrote pin uio_out[1] at layer Metal4 at (83370, 709640, 83670, 710640,          
'PLACED')...                                                                    
Wrote pin uio_out[2] at layer Metal4 at (79530, 709640, 79830, 710640,          
'PLACED')...                                                                    
Wrote pin uio_out[3] at layer Metal4 at (75690, 709640, 75990, 710640,          
'PLACED')...                                                                    
Wrote pin uio_out[4] at layer Metal4 at (71850, 709640, 72150, 710640,          
'PLACED')...                                                                    
Wrote pin uio_out[5] at layer Metal4 at (68010, 709640, 68310, 710640,          
'PLACED')...                                                                    
Wrote pin uio_out[6] at layer Metal4 at (64170, 709640, 64470, 710640,          
'PLACED')...                                                                    
Wrote pin uio_out[7] at layer Metal4 at (60330, 709640, 60630, 710640,          
'PLACED')...                                                                    
Wrote pin uo_out[0] at layer Metal4 at (117930, 709640, 118230, 710640,         
'PLACED')...                                                                    
Wrote pin uo_out[1] at layer Metal4 at (114090, 709640, 114390, 710640,         
'PLACED')...                                                                    
Wrote pin uo_out[2] at layer Metal4 at (110250, 709640, 110550, 710640,         
'PLACED')...                                                                    
Wrote pin uo_out[3] at layer Metal4 at (106410, 709640, 106710, 710640,         
'PLACED')...                                                                    
Wrote pin uo_out[4] at layer Metal4 at (102570, 709640, 102870, 710640,         
'PLACED')...                                                                    
Wrote pin uo_out[5] at layer Metal4 at (98730, 709640, 99030, 710640,           
'PLACED')...                                                                    
Wrote pin uo_out[6] at layer Metal4 at (94890, 709640, 95190, 710640,           
'PLACED')...                                                                    
Wrote pin uo_out[7] at layer Metal4 at (91050, 709640, 91350, 710640,           
'PLACED')...                                                                    
─────────────────────────────── Global Placement ───────────────────────────────
[19:33:47] VERBOSE  Running 'OpenROAD.GlobalPlacement' at           step.py:1138
                    'experiments/sram_flow_feasibility/runs/attempt             
                    -005-full/28-openroad-globalplacement'…                     
[19:33:47] VERBOSE  OpenROAD will use None threads               openroad.py:520
[19:33:47] VERBOSE  Logging subprocess to                           step.py:1338
                    'experiments/sram_flow_feasibility/runs/attempt             
                    -005-full/28-openroad-globalplacement/openroad-             
                    globalplacement.log'…                                       
[19:33:47] WARNING  [ORD-0032] Invalid thread number             openroad.py:321
                    specification: None.                                        
Reading timing models for corner nom_typ_1p20V_25C…                             
Reading timing library for the 'nom_typ_1p20V_25C' corner at                    
'/home/wayne/devel/jane/hardcaml_asic/.toolchain/pdk/ihp-sg13cmos5l/libs.ref/sg1
3cmos5l_stdcell/lib/sg13cmos5l_stdcell_typ_1p20V_25C.lib'…                      
Reading timing library for the 'nom_typ_1p20V_25C' corner at                    
'/home/wayne/devel/jane/hardcaml_asic/.toolchain/pdk/ihp-sg13cmos5l/libs.ref/sg1
3cmos5l_io/lib/sg13cmos5l_io_typ_1p2V_3p3V_25C.lib'…                            
Reading timing library for the 'nom_typ_1p20V_25C' corner at                    
'/home/wayne/devel/jane/hardcaml_asic/.toolchain/pdk/ihp-sg13cmos5l/libs.ref/sg1
3cmos5l_sram/lib/RM_IHPSG13_1P_256x16_c2_bm_bist_typ_1p20V_25C.lib'…            
Reading timing library for the 'nom_typ_1p20V_25C' corner at                    
'/home/wayne/devel/jane/hardcaml_asic/.toolchain/pdk/ihp-sg13cmos5l/libs.ref/sg1
3cmos5l_sram/lib/RM_IHPSG13_1P_256x16_c2_bm_bist_typ_1p20V_25C.lib'…            
[19:33:47] WARNING  [STA-1140]                                   openroad.py:321
                    /home/wayne/devel/jane/hardcaml_asic/.toolch                
                    ain/pdk/ihp-sg13cmos5l/libs.ref/sg13cmos5l_s                
                    ram/lib/RM_IHPSG13_1P_256x16_c2_bm_bist_typ_                
                    1p20V_25C.lib line 20, library                              
                    RM_IHPSG13_1P_256x16_c2_bm_bist_typ_1p20V_25                
                    C already exists.                                           
Reading OpenROAD database at                                                    
'/home/wayne/devel/jane/hardcaml_asic/experiments/sram_flow_feasibility/runs/att
empt-005-full/27-odb-applydeftemplate/tt_um_sram_probe.odb'…                    
Reading design constraints file at                                              
'/home/wayne/devel/jane/hardcaml_asic/experiments/sram_flow_feasibility/constrai
nts.sdc'…                                                                       
[INFO] No information on clock propagation in input SDC file-- propagating all  
clocks.                                                                         
[INFO] Setting signal min routing layer to: Metal2 and clock min routing layer  
to Metal2.                                                                      
[INFO] Setting signal max routing layer to: Metal4 and clock max routing layer  
to Metal4.                                                                      
+ global_placement -density 0.6 -routability_driven -pad_right 0 -pad_left 0    
-init_wirelength_coef 0.25                                                      
[INFO GPL-0001] ---- Initialize GPL Main Data Structures                        
[INFO GPL-0002] DBU: 1000                                                       
[INFO GPL-0003] SiteSize: (  0.480  3.780 ) um                                  
[INFO GPL-0004] CoreBBox: (  2.880  3.780 ) ( 1286.400 706.860 ) um             
[INFO GPL-0036] Movable instances area:        535.248 um^2                     
[INFO GPL-0037] Total instances area:        29217.283 um^2                     
[INFO GPL-0035] Pin density area adjust:        11.975 um^2                     
[INFO GPL-0032] ---- Initialize Region: Top-level                               
[INFO GPL-0006] Number of instances:               140                          
[INFO GPL-0007] Movable instances:                  73                          
[INFO GPL-0008] Fixed instances:                     1                          
[INFO GPL-0009] Dummy instances:                    66                          
[INFO GPL-0010] Number of nets:                    108                          
[INFO GPL-0011] Number of pins:                    228                          
[INFO GPL-0012] Die BBox:  (  0.000  0.000 ) ( 1289.280 710.640 ) um            
[INFO GPL-0013] Core BBox: (  2.880  3.780 ) ( 1286.400 706.860 ) um            
[INFO GPL-0016] Core area:                  902417.242 um^2                     
[INFO GPL-0014] Region name: top-level.                                         
[INFO GPL-0015] Region area:                902417.242 um^2                     
[INFO GPL-0017] Fixed instances area:        30968.179 um^2                     
[INFO GPL-0018] Movable instances area:        547.223 um^2                     
[INFO GPL-0019] Utilization:                     0.063 %                        
[INFO GPL-0020] Standard cells area:           547.223 um^2                     
[INFO GPL-0021] Large instances area:            0.000 um^2                     
[INFO GPL-0005] ---- Execute Conjugate Gradient Initial Placement.              
[INFO GPL-0051] Source of initial instance position counters:                   
        Odb location = 0        Core center = 73        Region center = 0       
[InitialPlace]  Iter: 1 conjugate gradient residual: 0.00000002 HPWL: 67651120  
[InitialPlace]  Iter: 2 conjugate gradient residual: 0.00000000 HPWL: 53006915  
[InitialPlace]  Iter: 3 conjugate gradient residual: 0.00000004 HPWL: 52949844  
[InitialPlace]  Iter: 4 conjugate gradient residual: 0.00000002 HPWL: 52880295  
[InitialPlace]  Iter: 5 conjugate gradient residual: 0.00000000 HPWL: 52827127  
[INFO GPL-0033] ---- Initialize Nesterov Region: Top-level                      
[INFO GPL-0023] Placement target density:       0.6000                          
[INFO GPL-0024] Movable insts average area:      7.496 um^2                     
[INFO GPL-0025] Ideal bin area:                 12.494 um^2                     
[INFO GPL-0026] Ideal bin count:                 72229                          
[INFO GPL-0027] Total bin area:             902417.242 um^2                     
[INFO GPL-0028] Bin count (X, Y):         256 ,    256                          
[INFO GPL-0029] Bin size (W * H):       5.014 *  2.746 um                       
[INFO GPL-0030] Number of bins:                  65536                          
[INFO GPL-0007] ---- Execute Nesterov Global Placement.                         
[INFO GPL-0031] HPWL: Half-Perimeter Wirelength                                 
Iteration | Overflow |     HPWL (um) |  HPWL(%) |   Penalty | Group             
---------------------------------------------------------------                 
        0 |   0.8550 |  2.498778e+04 |   +0.00% |  4.40e-17 |                   
       10 |   0.8688 |  2.475688e+04 |   -0.92% |  7.17e-17 |                   
       20 |   0.8688 |  2.475682e+04 |   -0.00% |  1.17e-16 |                   
       30 |   0.8688 |  2.475682e+04 |   -0.00% |  1.90e-16 |                   
       40 |   0.8688 |  2.475682e+04 |   +0.00% |  3.10e-16 |                   
       50 |   0.8688 |  2.475684e+04 |   +0.00% |  5.05e-16 |                   
       60 |   0.8688 |  2.475684e+04 |   -0.00% |  8.22e-16 |                   
       70 |   0.8688 |  2.475684e+04 |   +0.00% |  1.34e-15 |                   
       80 |   0.8688 |  2.475683e+04 |   -0.00% |  2.18e-15 |                   
       90 |   0.8688 |  2.475683e+04 |   -0.00% |  3.55e-15 |                   
      100 |   0.8688 |  2.475684e+04 |   +0.00% |  5.79e-15 |                   
      110 |   0.8688 |  2.475681e+04 |   -0.00% |  9.43e-15 |                   
      120 |   0.8688 |  2.475684e+04 |   +0.00% |  1.54e-14 |                   
      130 |   0.8688 |  2.475685e+04 |   +0.00% |  2.50e-14 |                   
      140 |   0.8688 |  2.475690e+04 |   +0.00% |  4.08e-14 |                   
      150 |   0.8688 |  2.475695e+04 |   +0.00% |  6.64e-14 |                   
      160 |   0.8688 |  2.475711e+04 |   +0.00% |  1.08e-13 |                   
      170 |   0.8688 |  2.475822e+04 |   +0.00% |  1.76e-13 |                   
      180 |   0.8688 |  2.476545e+04 |   +0.03% |  2.87e-13 |                   
      190 |   0.8655 |  2.479726e+04 |   +0.13% |  4.67e-13 |                   
      200 |   0.8448 |  2.488315e+04 |   +0.35% |  7.61e-13 |                   
      210 |   0.8259 |  2.498309e+04 |   +0.40% |  1.24e-12 |                   
      220 |   0.8077 |  2.509684e+04 |   +0.46% |  2.02e-12 |                   
      230 |   0.7698 |  2.523545e+04 |   +0.55% |  3.29e-12 |                   
      240 |   0.7288 |  2.537828e+04 |   +0.57% |  5.36e-12 |                   
      250 |   0.7019 |  2.549516e+04 |   +0.46% |  8.73e-12 |                   
      260 |   0.6786 |  2.558221e+04 |   +0.34% |  1.42e-11 |                   
      270 |   0.7154 |  2.544669e+04 |   -0.53% |  2.32e-11 |                   
      280 |   0.7547 |  2.530895e+04 |   -0.54% |  3.77e-11 |                   
      290 |   0.7137 |  2.557886e+04 |   +1.07% |  6.14e-11 |                   
      300 |   0.7752 |  2.529256e+04 |   -1.12% |  1.00e-10 |                   
      310 |   0.7755 |  2.545411e+04 |   +0.64% |  1.63e-10 |                   
      320 |   0.8025 |  2.526043e+04 |   -0.76% |  2.66e-10 |                   
      330 |   0.8243 |  2.515147e+04 |   -0.43% |  4.33e-10 |                   
      340 |   0.8299 |  2.506819e+04 |   -0.33% |  7.05e-10 |                   
      350 |   0.8173 |  2.502578e+04 |   -0.17% |  1.15e-09 |                   
      360 |   0.8113 |  2.505916e+04 |   +0.13% |  1.87e-09 |                   
      370 |   0.7334 |  2.494646e+04 |   -0.45% |  3.04e-09 |                   
      380 |   0.6448 |  2.502851e+04 |   +0.33% |  4.96e-09 |                   
[INFO GPL-0038] Routability snapshot saved at iter = 382                        
      381 |   0.5956 |  2.505318e+04 |          |           |                   
      390 |   0.5458 |  2.505188e+04 |   +0.09% |  8.08e-09 |                   
      400 |   0.5192 |  2.493234e+04 |   -0.48% |  1.32e-08 |                   
      410 |   0.3156 |  2.504651e+04 |   +0.46% |  2.06e-08 |                   
[INFO GPL-0040] Routability iteration: 1                                        
[INFO GPL-0041] Total routing overflow: 17.9631                                 
[INFO GPL-0042] Number of overflowed tiles: 532 (3.03%)                         
[INFO GPL-0043] Average top 0.5% routing congestion: 1.0747                     
[INFO GPL-0044] Average top 1.0% routing congestion: 1.0631                     
[INFO GPL-0045] Average top 2.0% routing congestion: 1.0473                     
[INFO GPL-0046] Average top 5.0% routing congestion: 0.9123                     
[INFO GPL-0047] Routability iteration weighted routing congestion: 1.0689       
[INFO GPL-0048] Routing congestion (1.0689) lower than previous minimum (1e+30).
Updating minimum.                                                               
[INFO GPL-0051] Inflated area:                  12.105 um^2 (+2.21%)            
[INFO GPL-0052] Placement target density:       0.6000                          
[INFO GPL-0076] Removing fillers, count: Before: 71969, After: 71968 (-0.00%)   
[INFO GPL-0077] Filler area (um^2)     : Before: 522322.217, After: 522314.957  
(-0.00%)                                                                        
[INFO GPL-0078] Removed fillers count: 1, area removed: 7.258 um^2. Remaining   
area to be compensated by modifying density: 4.847 um^2                         
[INFO GPL-0058] White space area:           871449.062 um^2 (+0.00%)            
[INFO GPL-0059] Movable instances area:     522869.441 um^2 (+0.00%)            
[INFO GPL-0060] Total filler area:          522314.957 um^2 (-0.00%)            
[INFO GPL-0061] Total non-inflated area:    522874.285 um^2 (+0.00%)            
[INFO GPL-0062] Total inflated area:        522886.389 um^2 (+0.00%)            
[INFO GPL-0063] New Target Density:             0.6000                          
[INFO GPL-0087] Routability end iteration: increase inflation and revert back to
snapshot.                                                                       
Iteration | Overflow |     HPWL (um) |  HPWL(%) |   Penalty | Group             
---------------------------------------------------------------                 
      420 |   0.5387 |  2.508411e+04 |   +0.15% |  6.64e-09 |                   
      430 |   0.7564 |  2.482606e+04 |   -1.03% |  9.78e-09 |                   
      440 |   0.3168 |  2.511297e+04 |   +1.16% |  1.44e-08 |                   
      450 |   0.6809 |  2.488507e+04 |   -0.91% |  2.12e-08 |                   
[INFO GPL-0040] Routability iteration: 2                                        
[INFO GPL-0041] Total routing overflow: 17.9136                                 
[INFO GPL-0042] Number of overflowed tiles: 532 (3.03%)                         
[INFO GPL-0043] Average top 0.5% routing congestion: 1.0741                     
[INFO GPL-0044] Average top 1.0% routing congestion: 1.0628                     
[INFO GPL-0045] Average top 2.0% routing congestion: 1.0472                     
[INFO GPL-0046] Average top 5.0% routing congestion: 0.9122                     
[INFO GPL-0047] Routability iteration weighted routing congestion: 1.0685       
[INFO GPL-0049] Routing congestion (1.0685) higher than minimum (1.0689).       
Consecutive non-improvement count: 1.                                           
[INFO GPL-0051] Inflated area:                  15.219 um^2 (+2.72%)            
[INFO GPL-0052] Placement target density:       0.6000                          
[INFO GPL-0076] Removing fillers, count: Before: 71968, After: 71966 (-0.00%)   
[INFO GPL-0077] Filler area (um^2)     : Before: 522314.957, After: 522300.442  
(-0.00%)                                                                        
[INFO GPL-0078] Removed fillers count: 2, area removed: 14.515 um^2. Remaining  
area to be compensated by modifying density: 0.704 um^2                         
[INFO GPL-0058] White space area:           871449.062 um^2 (+0.00%)            
[INFO GPL-0059] Movable instances area:     522869.441 um^2 (+0.00%)            
[INFO GPL-0060] Total filler area:          522300.442 um^2 (-0.00%)            
[INFO GPL-0061] Total non-inflated area:    522874.989 um^2 (+0.00%)            
[INFO GPL-0062] Total inflated area:        522890.208 um^2 (+0.00%)            
[INFO GPL-0063] New Target Density:             0.6000                          
[INFO GPL-0087] Routability end iteration: increase inflation and revert back to
snapshot.                                                                       
Iteration | Overflow |     HPWL (um) |  HPWL(%) |   Penalty | Group             
---------------------------------------------------------------                 
      460 |   0.6463 |  2.501552e+04 |   +0.52% |  6.90e-09 |                   
      470 |   0.5248 |  2.494488e+04 |   -0.28% |  1.02e-08 |                   
      480 |   0.5383 |  2.501610e+04 |   +0.29% |  1.50e-08 |                   
[INFO GPL-0040] Routability iteration: 3                                        
[INFO GPL-0041] Total routing overflow: 17.9975                                 
[INFO GPL-0042] Number of overflowed tiles: 532 (3.03%)                         
[INFO GPL-0043] Average top 0.5% routing congestion: 1.0746                     
[INFO GPL-0044] Average top 1.0% routing congestion: 1.0630                     
[INFO GPL-0045] Average top 2.0% routing congestion: 1.0474                     
[INFO GPL-0046] Average top 5.0% routing congestion: 0.9125                     
[INFO GPL-0047] Routability iteration weighted routing congestion: 1.0688       
[INFO GPL-0049] Routing congestion (1.0688) higher than minimum (1.0689).       
Consecutive non-improvement count: 2.                                           
[INFO GPL-0051] Inflated area:                  11.783 um^2 (+2.05%)            
[INFO GPL-0052] Placement target density:       0.6000                          
[INFO GPL-0076] Removing fillers, count: Before: 71966, After: 71965 (-0.00%)   
[INFO GPL-0077] Filler area (um^2)     : Before: 522300.442, After: 522293.184  
(-0.00%)                                                                        
[INFO GPL-0078] Removed fillers count: 1, area removed: 7.258 um^2. Remaining   
area to be compensated by modifying density: 4.526 um^2                         
[INFO GPL-0058] White space area:           871449.062 um^2 (+0.00%)            
[INFO GPL-0059] Movable instances area:     522869.441 um^2 (+0.00%)            
[INFO GPL-0060] Total filler area:          522293.184 um^2 (-0.00%)            
[INFO GPL-0061] Total non-inflated area:    522879.514 um^2 (+0.00%)            
[INFO GPL-0062] Total inflated area:        522891.298 um^2 (+0.00%)            
[INFO GPL-0063] New Target Density:             0.6000                          
[INFO GPL-0087] Routability end iteration: increase inflation and revert back to
snapshot.                                                                       
Iteration | Overflow |     HPWL (um) |  HPWL(%) |   Penalty | Group             
---------------------------------------------------------------                 
      490 |   0.6180 |  2.509270e+04 |   +0.31% |  5.91e-09 |                   
      500 |   0.6226 |  2.493473e+04 |   -0.63% |  8.70e-09 |                   
      510 |   0.4114 |  2.505967e+04 |   +0.50% |  1.28e-08 |                   
      520 |   0.3626 |  2.506224e+04 |   +0.01% |  1.89e-08 |                   
[INFO GPL-0040] Routability iteration: 4                                        
[INFO GPL-0041] Total routing overflow: 17.9216                                 
[INFO GPL-0042] Number of overflowed tiles: 532 (3.03%)                         
[INFO GPL-0043] Average top 0.5% routing congestion: 1.0743                     
[INFO GPL-0044] Average top 1.0% routing congestion: 1.0629                     
[INFO GPL-0045] Average top 2.0% routing congestion: 1.0472                     
[INFO GPL-0046] Average top 5.0% routing congestion: 0.9123                     
[INFO GPL-0047] Routability iteration weighted routing congestion: 1.0686       
[INFO GPL-0049] Routing congestion (1.0686) higher than minimum (1.0689).       
Consecutive non-improvement count: 3.                                           
[INFO GPL-0051] Inflated area:                   8.322 um^2 (+1.42%)            
[INFO GPL-0052] Placement target density:       0.6000                          
[INFO GPL-0076] Removing fillers, count: Before: 71965, After: 71964 (-0.00%)   
[INFO GPL-0077] Filler area (um^2)     : Before: 522293.184, After: 522285.926  
(-0.00%)                                                                        
[INFO GPL-0078] Removed fillers count: 1, area removed: 7.258 um^2. Remaining   
area to be compensated by modifying density: 1.064 um^2                         
[INFO GPL-0054] No improvement in routing congestion for 3 consecutive          
iterations (limit is 3).                                                        
[INFO GPL-0055] Reverting inflation values and target density from the iteration
with minimum observed routing congestion.                                       
[INFO GPL-0056] Minimum observed routing congestion: 1.0689                     
[INFO GPL-0057] Target density at minimum routing congestion: 0.6000            
[INFO GPL-0080] Restoring 5 previously removed fillers.                         
[INFO GPL-0081] Number of fillers before restoration 71964 and after 71969 .    
Relative change: +0.01%%                                                        
[INFO GPL-0082] Total filler area before restoration 522285.93 and after        
522322.21 (um^2). Relative change: +0.01%%                                      
[INFO GPL-0089] Routability finished. Reverting to minimal observed routing     
congestion, could not reach target.                                             
Iteration | Overflow |     HPWL (um) |  HPWL(%) |   Penalty | Group             
---------------------------------------------------------------                 
      530 |   0.4593 |  2.503140e+04 |   -0.12% |  6.64e-09 |                   
      540 |   0.6836 |  2.486768e+04 |   -0.65% |  9.78e-09 |                   
      550 |   0.3951 |  2.500261e+04 |   +0.54% |  1.44e-08 |                   
      560 |   0.6005 |  2.488026e+04 |   -0.49% |  2.12e-08 |                   
      570 |   0.6548 |  2.484621e+04 |   -0.14% |  3.13e-08 |                   
      580 |   0.5864 |  2.484267e+04 |   -0.01% |  4.60e-08 |                   
      590 |   0.3841 |  2.493268e+04 |   +0.36% |  6.78e-08 |                   
      600 |   0.2793 |  2.496931e+04 |   +0.15% |  9.99e-08 |                   
      610 |   0.2270 |  2.500190e+04 |   +0.13% |  1.47e-07 |                   
      620 |   0.1834 |  2.500999e+04 |   +0.03% |  2.17e-07 |                   
      630 |   0.1456 |  2.503439e+04 |   +0.10% |  3.19e-07 |                   
      640 |   0.1105 |  2.508651e+04 |   +0.21% |  4.70e-07 |                   
      646 |   0.0960 |  2.510553e+04 |          |  6.17e-07 |                   
---------------------------------------------------------------                 
[INFO GPL-1001] Global placement finished at iteration 646                      
[INFO GPL-1003] Routability mode iteration count: 197                           
[INFO GPL-1005] Routability final weighted congestion: 1.0668                   
[INFO GPL-1002] Placed Cell Area              586.3304                          
[INFO GPL-1003] Available Free Area         871449.0624                         
[INFO GPL-1004] Minimum Feasible Density        0.0100 (cell_area / free_area)  
[INFO GPL-1006]   Suggested Target Densities:                                   
[INFO GPL-1007]     - For 90% usage of free space: 0.0007                       
[INFO GPL-1008]     - For 80% usage of free space: 0.0008                       
[INFO GPL-1009]     - For 50% usage of free space: 0.0013                       
[INFO GPL-1011] Original area (um^2): 547.22                                    
[INFO GPL-1012] Total routability artificial inflation: 0.00 (+0.00%)           
[INFO GPL-1014] Final placement area: 586.33 (+7.15%)                           
Setting global connections for newly added cells…                               
[INFO] Setting global connections...                                            
memory.sram matched with memory.sram                                            
memory.sram matched with memory.sram                                            
[INFO ODB-0403] 0 connections made, 0 conflicts skipped.                        
Updating metrics…                                                               
Cell type report:                       Count       Area                        
  Macro                                     1   28127.10                        
  Multi-Input combinational cell           73     535.25                        
  Total                                    74   28662.35                        
Writing OpenROAD database to                                                    
'/home/wayne/devel/jane/hardcaml_asic/experiments/sram_flow_feasibility/runs/att
empt-005-full/28-openroad-globalplacement/tt_um_sram_probe.odb'…                
Writing netlist to                                                              
'/home/wayne/devel/jane/hardcaml_asic/experiments/sram_flow_feasibility/runs/att
empt-005-full/28-openroad-globalplacement/tt_um_sram_probe.nl.v'…               
Writing powered netlist to                                                      
'/home/wayne/devel/jane/hardcaml_asic/experiments/sram_flow_feasibility/runs/att
empt-005-full/28-openroad-globalplacement/tt_um_sram_probe.pnl.v'…              
Writing layout to                                                               
'/home/wayne/devel/jane/hardcaml_asic/experiments/sram_flow_feasibility/runs/att
empt-005-full/28-openroad-globalplacement/tt_um_sram_probe.def'…                
Writing timing constraints to                                                   
'/home/wayne/devel/jane/hardcaml_asic/experiments/sram_flow_feasibility/runs/att
empt-005-full/28-openroad-globalplacement/tt_um_sram_probe.sdc'…                
───────────────────────────── Write Verilog Header ─────────────────────────────
[19:33:58] VERBOSE  Running 'Odb.WriteVerilogHeader' at             step.py:1138
                    'experiments/sram_flow_feasibility/runs/attempt             
                    -005-full/29-odb-writeverilogheader'…                       
[19:33:58] VERBOSE  Logging subprocess to                           step.py:1338
                    'experiments/sram_flow_feasibility/runs/attempt             
                    -005-full/29-odb-writeverilogheader/odb-writeve             
                    rilogheader.log'…                                           
───────────────────────── Power Grid Violation Checker ─────────────────────────
[19:33:59] VERBOSE  Running 'Checker.PowerGridViolations' at        step.py:1138
                    'experiments/sram_flow_feasibility/runs/attempt             
                    -005-full/30-checker-powergridviolations'…                  
[19:33:59] INFO     Check for power grid violations (as reported  checker.py:131
                    by OpenROAD PSM- you may ignore these if LVS                
                    passes) clear.                                              
─────────────────────── Static Timing Analysis (Mid-PnR) ───────────────────────
[19:33:59] VERBOSE  Running 'OpenROAD.STAMidPNR' at                 step.py:1138
                    'experiments/sram_flow_feasibility/runs/attempt             
                    -005-full/31-openroad-stamidpnr'…                           
[19:33:59] VERBOSE  OpenROAD will use None threads               openroad.py:520
[19:33:59] VERBOSE  Logging subprocess to                           step.py:1338
                    'experiments/sram_flow_feasibility/runs/attempt             
                    -005-full/31-openroad-stamidpnr/openroad-stamid             
                    pnr.log'…                                                   
[19:33:59] WARNING  [ORD-0032] Invalid thread number             openroad.py:321
                    specification: None.                                        
Reading timing models for corner nom_typ_1p20V_25C…                             
Reading timing library for the 'nom_typ_1p20V_25C' corner at                    
'/home/wayne/devel/jane/hardcaml_asic/.toolchain/pdk/ihp-sg13cmos5l/libs.ref/sg1
3cmos5l_stdcell/lib/sg13cmos5l_stdcell_typ_1p20V_25C.lib'…                      
Reading timing library for the 'nom_typ_1p20V_25C' corner at                    
'/home/wayne/devel/jane/hardcaml_asic/.toolchain/pdk/ihp-sg13cmos5l/libs.ref/sg1
3cmos5l_io/lib/sg13cmos5l_io_typ_1p2V_3p3V_25C.lib'…                            
Reading timing library for the 'nom_typ_1p20V_25C' corner at                    
'/home/wayne/devel/jane/hardcaml_asic/.toolchain/pdk/ihp-sg13cmos5l/libs.ref/sg1
3cmos5l_sram/lib/RM_IHPSG13_1P_256x16_c2_bm_bist_typ_1p20V_25C.lib'…            
Reading timing library for the 'nom_typ_1p20V_25C' corner at                    
'/home/wayne/devel/jane/hardcaml_asic/.toolchain/pdk/ihp-sg13cmos5l/libs.ref/sg1
3cmos5l_sram/lib/RM_IHPSG13_1P_256x16_c2_bm_bist_typ_1p20V_25C.lib'…            
[19:33:59] WARNING  [STA-1140]                                   openroad.py:321
                    /home/wayne/devel/jane/hardcaml_asic/.toolch                
                    ain/pdk/ihp-sg13cmos5l/libs.ref/sg13cmos5l_s                
                    ram/lib/RM_IHPSG13_1P_256x16_c2_bm_bist_typ_                
                    1p20V_25C.lib line 20, library                              
                    RM_IHPSG13_1P_256x16_c2_bm_bist_typ_1p20V_25                
                    C already exists.                                           
Reading OpenROAD database at                                                    
'/home/wayne/devel/jane/hardcaml_asic/experiments/sram_flow_feasibility/runs/att
empt-005-full/28-openroad-globalplacement/tt_um_sram_probe.odb'…                
Reading design constraints file at                                              
'/home/wayne/devel/jane/hardcaml_asic/experiments/sram_flow_feasibility/constrai
nts.sdc'…                                                                       
[INFO] No information on clock propagation in input SDC file-- propagating all  
clocks.                                                                         
──────────────────── Repair Design (Post-Global Placement) ─────────────────────
[19:33:59] VERBOSE  Running 'OpenROAD.RepairDesignPostGPL' at       step.py:1138
                    'experiments/sram_flow_feasibility/runs/attempt             
                    -005-full/32-openroad-repairdesignpostgpl'…                 
[19:33:59] VERBOSE  OpenROAD will use None threads               openroad.py:520
[19:33:59] VERBOSE  Logging subprocess to                           step.py:1338
                    'experiments/sram_flow_feasibility/runs/attempt             
                    -005-full/32-openroad-repairdesignpostgpl/openr             
                    oad-repairdesignpostgpl.log'…                               
[19:33:59] WARNING  [ORD-0032] Invalid thread number             openroad.py:321
                    specification: None.                                        
Reading timing models for corner nom_fast_1p32V_m40C…                           
Reading timing library for the 'nom_fast_1p32V_m40C' corner at                  
'/home/wayne/devel/jane/hardcaml_asic/.toolchain/pdk/ihp-sg13cmos5l/libs.ref/sg1
3cmos5l_stdcell/lib/sg13cmos5l_stdcell_fast_1p32V_m40C.lib'…                    
Reading timing library for the 'nom_fast_1p32V_m40C' corner at                  
'/home/wayne/devel/jane/hardcaml_asic/.toolchain/pdk/ihp-sg13cmos5l/libs.ref/sg1
3cmos5l_io/lib/sg13cmos5l_io_fast_1p32V_3p6V_m40C.lib'…                         
Reading timing library for the 'nom_fast_1p32V_m40C' corner at                  
'/home/wayne/devel/jane/hardcaml_asic/.toolchain/pdk/ihp-sg13cmos5l/libs.ref/sg1
3cmos5l_sram/lib/RM_IHPSG13_1P_256x16_c2_bm_bist_typ_1p20V_25C.lib'…            
Reading timing library for the 'nom_fast_1p32V_m40C' corner at                  
'/home/wayne/devel/jane/hardcaml_asic/.toolchain/pdk/ihp-sg13cmos5l/libs.ref/sg1
3cmos5l_sram/lib/RM_IHPSG13_1P_256x16_c2_bm_bist_typ_1p20V_25C.lib'…            
[19:33:59] WARNING  [STA-1140]                                   openroad.py:321
                    /home/wayne/devel/jane/hardcaml_asic/.toolch                
                    ain/pdk/ihp-sg13cmos5l/libs.ref/sg13cmos5l_s                
                    ram/lib/RM_IHPSG13_1P_256x16_c2_bm_bist_typ_                
                    1p20V_25C.lib line 20, library                              
                    RM_IHPSG13_1P_256x16_c2_bm_bist_typ_1p20V_25                
                    C already exists.                                           
Reading timing models for corner nom_slow_1p08V_125C…                           
Reading timing library for the 'nom_slow_1p08V_125C' corner at                  
'/home/wayne/devel/jane/hardcaml_asic/.toolchain/pdk/ihp-sg13cmos5l/libs.ref/sg1
3cmos5l_stdcell/lib/sg13cmos5l_stdcell_slow_1p08V_125C.lib'…                    
Reading timing library for the 'nom_slow_1p08V_125C' corner at                  
'/home/wayne/devel/jane/hardcaml_asic/.toolchain/pdk/ihp-sg13cmos5l/libs.ref/sg1
3cmos5l_io/lib/sg13cmos5l_io_slow_1p08V_3p0V_125C.lib'…                         
Reading timing library for the 'nom_slow_1p08V_125C' corner at                  
'/home/wayne/devel/jane/hardcaml_asic/.toolchain/pdk/ihp-sg13cmos5l/libs.ref/sg1
3cmos5l_sram/lib/RM_IHPSG13_1P_256x16_c2_bm_bist_typ_1p20V_25C.lib'…            
[19:33:59] WARNING  [STA-1140]                                   openroad.py:321
                    /home/wayne/devel/jane/hardcaml_asic/.toolch                
                    ain/pdk/ihp-sg13cmos5l/libs.ref/sg13cmos5l_s                
                    ram/lib/RM_IHPSG13_1P_256x16_c2_bm_bist_typ_                
                    1p20V_25C.lib line 20, library                              
                    RM_IHPSG13_1P_256x16_c2_bm_bist_typ_1p20V_25                
                    C already exists.                                           
Reading timing library for the 'nom_slow_1p08V_125C' corner at                  
'/home/wayne/devel/jane/hardcaml_asic/.toolchain/pdk/ihp-sg13cmos5l/libs.ref/sg1
3cmos5l_sram/lib/RM_IHPSG13_1P_256x16_c2_bm_bist_typ_1p20V_25C.lib'…            
[19:33:59] WARNING  [STA-1140]                                   openroad.py:321
                    /home/wayne/devel/jane/hardcaml_asic/.toolch                
                    ain/pdk/ihp-sg13cmos5l/libs.ref/sg13cmos5l_s                
                    ram/lib/RM_IHPSG13_1P_256x16_c2_bm_bist_typ_                
                    1p20V_25C.lib line 20, library                              
                    RM_IHPSG13_1P_256x16_c2_bm_bist_typ_1p20V_25                
                    C already exists.                                           
Reading timing models for corner nom_typ_1p20V_25C…                             
Reading timing library for the 'nom_typ_1p20V_25C' corner at                    
'/home/wayne/devel/jane/hardcaml_asic/.toolchain/pdk/ihp-sg13cmos5l/libs.ref/sg1
3cmos5l_stdcell/lib/sg13cmos5l_stdcell_typ_1p20V_25C.lib'…                      
Reading timing library for the 'nom_typ_1p20V_25C' corner at                    
'/home/wayne/devel/jane/hardcaml_asic/.toolchain/pdk/ihp-sg13cmos5l/libs.ref/sg1
3cmos5l_io/lib/sg13cmos5l_io_typ_1p2V_3p3V_25C.lib'…                            
Reading timing library for the 'nom_typ_1p20V_25C' corner at                    
'/home/wayne/devel/jane/hardcaml_asic/.toolchain/pdk/ihp-sg13cmos5l/libs.ref/sg1
3cmos5l_sram/lib/RM_IHPSG13_1P_256x16_c2_bm_bist_typ_1p20V_25C.lib'…            
[19:33:59] WARNING  [STA-1140]                                   openroad.py:321
                    /home/wayne/devel/jane/hardcaml_asic/.toolch                
                    ain/pdk/ihp-sg13cmos5l/libs.ref/sg13cmos5l_s                
                    ram/lib/RM_IHPSG13_1P_256x16_c2_bm_bist_typ_                
                    1p20V_25C.lib line 20, library                              
                    RM_IHPSG13_1P_256x16_c2_bm_bist_typ_1p20V_25                
                    C already exists.                                           
Reading timing library for the 'nom_typ_1p20V_25C' corner at                    
'/home/wayne/devel/jane/hardcaml_asic/.toolchain/pdk/ihp-sg13cmos5l/libs.ref/sg1
3cmos5l_sram/lib/RM_IHPSG13_1P_256x16_c2_bm_bist_typ_1p20V_25C.lib'…            
[19:33:59] WARNING  [STA-1140]                                   openroad.py:321
                    /home/wayne/devel/jane/hardcaml_asic/.toolch                
                    ain/pdk/ihp-sg13cmos5l/libs.ref/sg13cmos5l_s                
                    ram/lib/RM_IHPSG13_1P_256x16_c2_bm_bist_typ_                
                    1p20V_25C.lib line 20, library                              
                    RM_IHPSG13_1P_256x16_c2_bm_bist_typ_1p20V_25                
                    C already exists.                                           
Reading OpenROAD database at                                                    
'/home/wayne/devel/jane/hardcaml_asic/experiments/sram_flow_feasibility/runs/att
empt-005-full/28-openroad-globalplacement/tt_um_sram_probe.odb'…                
Reading design constraints file at                                              
'/home/wayne/devel/jane/hardcaml_asic/experiments/sram_flow_feasibility/constrai
nts.sdc'…                                                                       
[INFO] No information on clock propagation in input SDC file-- propagating all  
clocks.                                                                         
[INFO RSZ-0027] Inserted 18 sg13cmos5l_buf_1 input buffers.                     
+ repair_design -verbose -max_wire_length 0.0 -slew_margin 20.0 -cap_margin 20.0
Iteration |   Area    | Resized | Buffers | Nets repaired | Remaining           
---------------------------------------------------------------------           
        0 |     +0.0% |       0 |       0 |             0 |       126           
       10 |     +0.4% |       0 |       7 |             7 |       116           
       20 |     +0.8% |       0 |      16 |            17 |       106           
       30 |     +0.8% |       0 |      16 |            26 |        96           
       40 |     +0.8% |       0 |      16 |            33 |        86           
       50 |     +0.8% |       0 |      16 |            33 |        76           
       60 |     +0.8% |       0 |      16 |            33 |        66           
       70 |     +0.8% |       0 |      16 |            33 |        56           
       80 |     +0.8% |       0 |      16 |            33 |        46           
       90 |     +0.8% |       0 |      16 |            33 |        36           
      100 |     +0.8% |       0 |      16 |            33 |        26           
      110 |     +0.8% |       0 |      16 |            33 |        16           
      120 |     +0.8% |       0 |      16 |            33 |         6           
    final |     +0.8% |       0 |      16 |            33 |         0           
---------------------------------------------------------------------           
[INFO RSZ-0034] Found 17 slew violations.                                       
[INFO RSZ-0036] Found 16 capacitance violations.                                
[INFO RSZ-0038] Inserted 16 buffers in 33 nets.                                 
[INFO RSZ-0042] Inserted 45 tie sg13cmos5l_tielo instances.                     
[INFO RSZ-0042] Inserted 25 tie sg13cmos5l_tiehi instances.                     
+ detailed_placement -max_displacement  500 100                                 
Placement Analysis                                                              
---------------------------------                                               
total displacement        764.4 u                                               
average displacement        7.1 u                                               
max displacement           13.6 u                                               
original HPWL           24741.6 u                                               
legalized HPWL          25108.4 u                                               
delta HPWL                    1 %                                               
                                                                                
[INFO DPL-0020] Mirrored 81 instances                                           
[INFO DPL-0021] HPWL before           25108.4 u                                 
[INFO DPL-0022] HPWL after            25030.7 u                                 
[INFO DPL-0023] HPWL delta               -0.3 %                                 
Setting global connections for newly added cells…                               
[INFO] Setting global connections...                                            
memory.sram matched with memory.sram                                            
memory.sram matched with memory.sram                                            
[INFO ODB-0403] 208 connections made, 0 conflicts skipped.                      
Updating metrics…                                                               
Cell type report:                       Count       Area                        
  Macro                                     1   28127.10                        
  Timing Repair Buffer                     34     362.88                        
  Multi-Input combinational cell           73     535.25                        
  Total                                   108   29025.23                        
Writing OpenROAD database to                                                    
'/home/wayne/devel/jane/hardcaml_asic/experiments/sram_flow_feasibility/runs/att
empt-005-full/32-openroad-repairdesignpostgpl/tt_um_sram_probe.odb'…            
Writing netlist to                                                              
'/home/wayne/devel/jane/hardcaml_asic/experiments/sram_flow_feasibility/runs/att
empt-005-full/32-openroad-repairdesignpostgpl/tt_um_sram_probe.nl.v'…           
Writing powered netlist to                                                      
'/home/wayne/devel/jane/hardcaml_asic/experiments/sram_flow_feasibility/runs/att
empt-005-full/32-openroad-repairdesignpostgpl/tt_um_sram_probe.pnl.v'…          
Writing layout to                                                               
'/home/wayne/devel/jane/hardcaml_asic/experiments/sram_flow_feasibility/runs/att
empt-005-full/32-openroad-repairdesignpostgpl/tt_um_sram_probe.def'…            
Writing timing constraints to                                                   
'/home/wayne/devel/jane/hardcaml_asic/experiments/sram_flow_feasibility/runs/att
empt-005-full/32-openroad-repairdesignpostgpl/tt_um_sram_probe.sdc'…            
─────────────────────────── Manual Global Placement ────────────────────────────
[19:34:00] VERBOSE  Running 'Odb.ManualGlobalPlacement' at          step.py:1138
                    'experiments/sram_flow_feasibility/runs/attempt             
                    -005-full/33-odb-manualglobalplacement'…                    
[19:34:00] INFO     'MANUAL_GLOBAL_PLACEMENTS' not set. Skipping     odb.py:1032
                    'Odb.ManualGlobalPlacement'…                                
────────────────────────────── Detailed Placement ──────────────────────────────
[19:34:00] VERBOSE  Running 'OpenROAD.DetailedPlacement' at         step.py:1138
                    'experiments/sram_flow_feasibility/runs/attempt             
                    -005-full/34-openroad-detailedplacement'…                   
[19:34:00] VERBOSE  OpenROAD will use None threads               openroad.py:520
[19:34:00] VERBOSE  Logging subprocess to                           step.py:1338
                    'experiments/sram_flow_feasibility/runs/attempt             
                    -005-full/34-openroad-detailedplacement/openroa             
                    d-detailedplacement.log'…                                   
[19:34:00] WARNING  [ORD-0032] Invalid thread number             openroad.py:321
                    specification: None.                                        
Reading timing models for corner nom_typ_1p20V_25C…                             
Reading timing library for the 'nom_typ_1p20V_25C' corner at                    
'/home/wayne/devel/jane/hardcaml_asic/.toolchain/pdk/ihp-sg13cmos5l/libs.ref/sg1
3cmos5l_stdcell/lib/sg13cmos5l_stdcell_typ_1p20V_25C.lib'…                      
Reading timing library for the 'nom_typ_1p20V_25C' corner at                    
'/home/wayne/devel/jane/hardcaml_asic/.toolchain/pdk/ihp-sg13cmos5l/libs.ref/sg1
3cmos5l_io/lib/sg13cmos5l_io_typ_1p2V_3p3V_25C.lib'…                            
Reading timing library for the 'nom_typ_1p20V_25C' corner at                    
'/home/wayne/devel/jane/hardcaml_asic/.toolchain/pdk/ihp-sg13cmos5l/libs.ref/sg1
3cmos5l_sram/lib/RM_IHPSG13_1P_256x16_c2_bm_bist_typ_1p20V_25C.lib'…            
Reading timing library for the 'nom_typ_1p20V_25C' corner at                    
'/home/wayne/devel/jane/hardcaml_asic/.toolchain/pdk/ihp-sg13cmos5l/libs.ref/sg1
3cmos5l_sram/lib/RM_IHPSG13_1P_256x16_c2_bm_bist_typ_1p20V_25C.lib'…            
[19:34:00] WARNING  [STA-1140]                                   openroad.py:321
                    /home/wayne/devel/jane/hardcaml_asic/.toolch                
                    ain/pdk/ihp-sg13cmos5l/libs.ref/sg13cmos5l_s                
                    ram/lib/RM_IHPSG13_1P_256x16_c2_bm_bist_typ_                
                    1p20V_25C.lib line 20, library                              
                    RM_IHPSG13_1P_256x16_c2_bm_bist_typ_1p20V_25                
                    C already exists.                                           
Reading OpenROAD database at                                                    
'/home/wayne/devel/jane/hardcaml_asic/experiments/sram_flow_feasibility/runs/att
empt-005-full/32-openroad-repairdesignpostgpl/tt_um_sram_probe.odb'…            
Reading design constraints file at                                              
'/home/wayne/devel/jane/hardcaml_asic/experiments/sram_flow_feasibility/constrai
nts.sdc'…                                                                       
[INFO] No information on clock propagation in input SDC file-- propagating all  
clocks.                                                                         
+ detailed_placement -max_displacement  500 100                                 
Placement Analysis                                                              
---------------------------------                                               
total displacement          0.0 u                                               
average displacement        0.0 u                                               
max displacement            0.0 u                                               
original HPWL           25030.7 u                                               
legalized HPWL          25108.4 u                                               
delta HPWL                    0 %                                               
                                                                                
[INFO DPL-0020] Mirrored 81 instances                                           
[INFO DPL-0021] HPWL before           25108.4 u                                 
[INFO DPL-0022] HPWL after            25030.7 u                                 
[INFO DPL-0023] HPWL delta               -0.3 %                                 
Setting global connections for newly added cells…                               
[INFO] Setting global connections...                                            
memory.sram matched with memory.sram                                            
memory.sram matched with memory.sram                                            
[INFO ODB-0403] 0 connections made, 0 conflicts skipped.                        
Updating metrics…                                                               
Cell type report:                       Count       Area                        
  Macro                                     1   28127.10                        
  Timing Repair Buffer                     34     362.88                        
  Multi-Input combinational cell           73     535.25                        
  Total                                   108   29025.23                        
Writing OpenROAD database to                                                    
'/home/wayne/devel/jane/hardcaml_asic/experiments/sram_flow_feasibility/runs/att
empt-005-full/34-openroad-detailedplacement/tt_um_sram_probe.odb'…              
Writing netlist to                                                              
'/home/wayne/devel/jane/hardcaml_asic/experiments/sram_flow_feasibility/runs/att
empt-005-full/34-openroad-detailedplacement/tt_um_sram_probe.nl.v'…             
Writing powered netlist to                                                      
'/home/wayne/devel/jane/hardcaml_asic/experiments/sram_flow_feasibility/runs/att
empt-005-full/34-openroad-detailedplacement/tt_um_sram_probe.pnl.v'…            
Writing layout to                                                               
'/home/wayne/devel/jane/hardcaml_asic/experiments/sram_flow_feasibility/runs/att
empt-005-full/34-openroad-detailedplacement/tt_um_sram_probe.def'…              
Writing timing constraints to                                                   
'/home/wayne/devel/jane/hardcaml_asic/experiments/sram_flow_feasibility/runs/att
empt-005-full/34-openroad-detailedplacement/tt_um_sram_probe.sdc'…              
───────────────────────────── Clock Tree Synthesis ─────────────────────────────
[19:34:00] VERBOSE  Running 'OpenROAD.CTS' at                       step.py:1138
                    'experiments/sram_flow_feasibility/runs/attempt             
                    -005-full/35-openroad-cts'…                                 
[19:34:00] VERBOSE  OpenROAD will use None threads               openroad.py:520
[19:34:00] VERBOSE  Logging subprocess to                           step.py:1338
                    'experiments/sram_flow_feasibility/runs/attempt             
                    -005-full/35-openroad-cts/openroad-cts.log'…                
[19:34:00] WARNING  [ORD-0032] Invalid thread number             openroad.py:321
                    specification: None.                                        
Reading timing models for corner nom_fast_1p32V_m40C…                           
Reading timing library for the 'nom_fast_1p32V_m40C' corner at                  
'/home/wayne/devel/jane/hardcaml_asic/.toolchain/pdk/ihp-sg13cmos5l/libs.ref/sg1
3cmos5l_stdcell/lib/sg13cmos5l_stdcell_fast_1p32V_m40C.lib'…                    
Reading timing library for the 'nom_fast_1p32V_m40C' corner at                  
'/home/wayne/devel/jane/hardcaml_asic/.toolchain/pdk/ihp-sg13cmos5l/libs.ref/sg1
3cmos5l_io/lib/sg13cmos5l_io_fast_1p32V_3p6V_m40C.lib'…                         
Reading timing library for the 'nom_fast_1p32V_m40C' corner at                  
'/home/wayne/devel/jane/hardcaml_asic/.toolchain/pdk/ihp-sg13cmos5l/libs.ref/sg1
3cmos5l_sram/lib/RM_IHPSG13_1P_256x16_c2_bm_bist_typ_1p20V_25C.lib'…            
Reading timing library for the 'nom_fast_1p32V_m40C' corner at                  
'/home/wayne/devel/jane/hardcaml_asic/.toolchain/pdk/ihp-sg13cmos5l/libs.ref/sg1
3cmos5l_sram/lib/RM_IHPSG13_1P_256x16_c2_bm_bist_typ_1p20V_25C.lib'…            
[19:34:00] WARNING  [STA-1140]                                   openroad.py:321
                    /home/wayne/devel/jane/hardcaml_asic/.toolch                
                    ain/pdk/ihp-sg13cmos5l/libs.ref/sg13cmos5l_s                
                    ram/lib/RM_IHPSG13_1P_256x16_c2_bm_bist_typ_                
                    1p20V_25C.lib line 20, library                              
                    RM_IHPSG13_1P_256x16_c2_bm_bist_typ_1p20V_25                
                    C already exists.                                           
Reading timing models for corner nom_slow_1p08V_125C…                           
Reading timing library for the 'nom_slow_1p08V_125C' corner at                  
'/home/wayne/devel/jane/hardcaml_asic/.toolchain/pdk/ihp-sg13cmos5l/libs.ref/sg1
3cmos5l_stdcell/lib/sg13cmos5l_stdcell_slow_1p08V_125C.lib'…                    
Reading timing library for the 'nom_slow_1p08V_125C' corner at                  
'/home/wayne/devel/jane/hardcaml_asic/.toolchain/pdk/ihp-sg13cmos5l/libs.ref/sg1
3cmos5l_io/lib/sg13cmos5l_io_slow_1p08V_3p0V_125C.lib'…                         
Reading timing library for the 'nom_slow_1p08V_125C' corner at                  
'/home/wayne/devel/jane/hardcaml_asic/.toolchain/pdk/ihp-sg13cmos5l/libs.ref/sg1
3cmos5l_sram/lib/RM_IHPSG13_1P_256x16_c2_bm_bist_typ_1p20V_25C.lib'…            
[19:34:00] WARNING  [STA-1140]                                   openroad.py:321
                    /home/wayne/devel/jane/hardcaml_asic/.toolch                
                    ain/pdk/ihp-sg13cmos5l/libs.ref/sg13cmos5l_s                
                    ram/lib/RM_IHPSG13_1P_256x16_c2_bm_bist_typ_                
                    1p20V_25C.lib line 20, library                              
                    RM_IHPSG13_1P_256x16_c2_bm_bist_typ_1p20V_25                
                    C already exists.                                           
Reading timing library for the 'nom_slow_1p08V_125C' corner at                  
'/home/wayne/devel/jane/hardcaml_asic/.toolchain/pdk/ihp-sg13cmos5l/libs.ref/sg1
3cmos5l_sram/lib/RM_IHPSG13_1P_256x16_c2_bm_bist_typ_1p20V_25C.lib'…            
[19:34:00] WARNING  [STA-1140]                                   openroad.py:321
                    /home/wayne/devel/jane/hardcaml_asic/.toolch                
                    ain/pdk/ihp-sg13cmos5l/libs.ref/sg13cmos5l_s                
                    ram/lib/RM_IHPSG13_1P_256x16_c2_bm_bist_typ_                
                    1p20V_25C.lib line 20, library                              
                    RM_IHPSG13_1P_256x16_c2_bm_bist_typ_1p20V_25                
                    C already exists.                                           
Reading timing models for corner nom_typ_1p20V_25C…                             
Reading timing library for the 'nom_typ_1p20V_25C' corner at                    
'/home/wayne/devel/jane/hardcaml_asic/.toolchain/pdk/ihp-sg13cmos5l/libs.ref/sg1
3cmos5l_stdcell/lib/sg13cmos5l_stdcell_typ_1p20V_25C.lib'…                      
Reading timing library for the 'nom_typ_1p20V_25C' corner at                    
'/home/wayne/devel/jane/hardcaml_asic/.toolchain/pdk/ihp-sg13cmos5l/libs.ref/sg1
3cmos5l_io/lib/sg13cmos5l_io_typ_1p2V_3p3V_25C.lib'…                            
Reading timing library for the 'nom_typ_1p20V_25C' corner at                    
'/home/wayne/devel/jane/hardcaml_asic/.toolchain/pdk/ihp-sg13cmos5l/libs.ref/sg1
3cmos5l_sram/lib/RM_IHPSG13_1P_256x16_c2_bm_bist_typ_1p20V_25C.lib'…            
[19:34:00] WARNING  [STA-1140]                                   openroad.py:321
                    /home/wayne/devel/jane/hardcaml_asic/.toolch                
                    ain/pdk/ihp-sg13cmos5l/libs.ref/sg13cmos5l_s                
                    ram/lib/RM_IHPSG13_1P_256x16_c2_bm_bist_typ_                
                    1p20V_25C.lib line 20, library                              
                    RM_IHPSG13_1P_256x16_c2_bm_bist_typ_1p20V_25                
                    C already exists.                                           
Reading timing library for the 'nom_typ_1p20V_25C' corner at                    
'/home/wayne/devel/jane/hardcaml_asic/.toolchain/pdk/ihp-sg13cmos5l/libs.ref/sg1
3cmos5l_sram/lib/RM_IHPSG13_1P_256x16_c2_bm_bist_typ_1p20V_25C.lib'…            
[19:34:00] WARNING  [STA-1140]                                   openroad.py:321
                    /home/wayne/devel/jane/hardcaml_asic/.toolch                
                    ain/pdk/ihp-sg13cmos5l/libs.ref/sg13cmos5l_s                
                    ram/lib/RM_IHPSG13_1P_256x16_c2_bm_bist_typ_                
                    1p20V_25C.lib line 20, library                              
                    RM_IHPSG13_1P_256x16_c2_bm_bist_typ_1p20V_25                
                    C already exists.                                           
Reading OpenROAD database at                                                    
'/home/wayne/devel/jane/hardcaml_asic/experiments/sram_flow_feasibility/runs/att
empt-005-full/34-openroad-detailedplacement/tt_um_sram_probe.odb'…              
Reading design constraints file at                                              
'/home/wayne/devel/jane/hardcaml_asic/experiments/sram_flow_feasibility/constrai
nts.sdc'…                                                                       
[INFO] No information on clock propagation in input SDC file-- propagating all  
clocks.                                                                         
[INFO] Configuring cts characterization…                                        
+ configure_cts_characterization                                                
[INFO] Performing clock tree synthesis…                                         
[INFO] Looking for the following net(s): clk                                    
[INFO] Running Clock Tree Synthesis…                                            
+ clock_tree_synthesis -buf_list sg13cmos5l_buf_8 sg13cmos5l_buf_4              
sg13cmos5l_buf_2 sg13cmos5l_buf_1 -root_buf sg13cmos5l_buf_8                    
-sink_clustering_enable -apply_ndr half                                         
[INFO CTS-0050] Root buffer is sg13cmos5l_buf_8.                                
[INFO CTS-0051] Sink buffer is sg13cmos5l_buf_8.                                
[INFO CTS-0052] The following clock buffers will be used for CTS:               
                    sg13cmos5l_buf_1                                            
                    sg13cmos5l_buf_2                                            
                    sg13cmos5l_buf_4                                            
                    sg13cmos5l_buf_8                                            
[INFO CTS-0049] Characterization buffer is sg13cmos5l_buf_8.                    
[INFO CTS-0007] Net "clk" found for clock "clk".                                
[19:34:06] WARNING  [CTS-0041] Net "clk" has 1 sinks.            openroad.py:321
                    Skipping...                                                 
[19:34:06] WARNING  [CTS-0083] No clock nets have been found.    openroad.py:321
[INFO CTS-0008] TritonCTS found 0 clock nets.                                   
[19:34:06] WARNING  [CTS-0082] No valid clock nets in the        openroad.py:321
                    design.                                                     
[INFO] Repairing long wires on clock nets…                                      
[INFO RSZ-0058] Using max wire length 4688um.                                   
Setting global connections for newly added cells…                               
[INFO] Setting global connections...                                            
memory.sram matched with memory.sram                                            
memory.sram matched with memory.sram                                            
[INFO ODB-0403] 0 connections made, 0 conflicts skipped.                        
Updating metrics…                                                               
Cell type report:                       Count       Area                        
  Macro                                     1   28127.10                        
  Timing Repair Buffer                     34     362.88                        
  Multi-Input combinational cell           73     535.25                        
  Total                                   108   29025.23                        
Writing OpenROAD database to                                                    
'/home/wayne/devel/jane/hardcaml_asic/experiments/sram_flow_feasibility/runs/att
empt-005-full/35-openroad-cts/tt_um_sram_probe.odb'…                            
Writing netlist to                                                              
'/home/wayne/devel/jane/hardcaml_asic/experiments/sram_flow_feasibility/runs/att
empt-005-full/35-openroad-cts/tt_um_sram_probe.nl.v'…                           
Writing powered netlist to                                                      
'/home/wayne/devel/jane/hardcaml_asic/experiments/sram_flow_feasibility/runs/att
empt-005-full/35-openroad-cts/tt_um_sram_probe.pnl.v'…                          
Writing layout to                                                               
'/home/wayne/devel/jane/hardcaml_asic/experiments/sram_flow_feasibility/runs/att
empt-005-full/35-openroad-cts/tt_um_sram_probe.def'…                            
Writing timing constraints to                                                   
'/home/wayne/devel/jane/hardcaml_asic/experiments/sram_flow_feasibility/runs/att
empt-005-full/35-openroad-cts/tt_um_sram_probe.sdc'…                            
[INFO] Legalizing…                                                              
+ detailed_placement -max_displacement  500 100                                 
Placement Analysis                                                              
---------------------------------                                               
total displacement          0.0 u                                               
average displacement        0.0 u                                               
max displacement            0.0 u                                               
original HPWL           25030.7 u                                               
legalized HPWL          25108.4 u                                               
delta HPWL                    0 %                                               
                                                                                
[INFO DPL-0020] Mirrored 81 instances                                           
[INFO DPL-0021] HPWL before           25108.4 u                                 
[INFO DPL-0022] HPWL after            25030.7 u                                 
[INFO DPL-0023] HPWL delta               -0.3 %                                 
Setting global connections for newly added cells…                               
[INFO] Setting global connections...                                            
memory.sram matched with memory.sram                                            
memory.sram matched with memory.sram                                            
[INFO ODB-0403] 0 connections made, 0 conflicts skipped.                        
Updating metrics…                                                               
Cell type report:                       Count       Area                        
  Macro                                     1   28127.10                        
  Timing Repair Buffer                     34     362.88                        
  Multi-Input combinational cell           73     535.25                        
  Total                                   108   29025.23                        
Writing OpenROAD database to                                                    
'/home/wayne/devel/jane/hardcaml_asic/experiments/sram_flow_feasibility/runs/att
empt-005-full/35-openroad-cts/tt_um_sram_probe.odb'…                            
Writing netlist to                                                              
'/home/wayne/devel/jane/hardcaml_asic/experiments/sram_flow_feasibility/runs/att
empt-005-full/35-openroad-cts/tt_um_sram_probe.nl.v'…                           
Writing powered netlist to                                                      
'/home/wayne/devel/jane/hardcaml_asic/experiments/sram_flow_feasibility/runs/att
empt-005-full/35-openroad-cts/tt_um_sram_probe.pnl.v'…                          
Writing layout to                                                               
'/home/wayne/devel/jane/hardcaml_asic/experiments/sram_flow_feasibility/runs/att
empt-005-full/35-openroad-cts/tt_um_sram_probe.def'…                            
Writing timing constraints to                                                   
'/home/wayne/devel/jane/hardcaml_asic/experiments/sram_flow_feasibility/runs/att
empt-005-full/35-openroad-cts/tt_um_sram_probe.sdc'…                            
─────────────────────── Static Timing Analysis (Mid-PnR) ───────────────────────
[19:34:07] VERBOSE  Running 'OpenROAD.STAMidPNR-1' at               step.py:1138
                    'experiments/sram_flow_feasibility/runs/attempt             
                    -005-full/36-openroad-stamidpnr-1'…                         
[19:34:07] VERBOSE  OpenROAD will use None threads               openroad.py:520
[19:34:07] VERBOSE  Logging subprocess to                           step.py:1338
                    'experiments/sram_flow_feasibility/runs/attempt             
                    -005-full/36-openroad-stamidpnr-1/openroad-stam             
                    idpnr-1.log'…                                               
[19:34:07] WARNING  [ORD-0032] Invalid thread number             openroad.py:321
                    specification: None.                                        
Reading timing models for corner nom_typ_1p20V_25C…                             
Reading timing library for the 'nom_typ_1p20V_25C' corner at                    
'/home/wayne/devel/jane/hardcaml_asic/.toolchain/pdk/ihp-sg13cmos5l/libs.ref/sg1
3cmos5l_stdcell/lib/sg13cmos5l_stdcell_typ_1p20V_25C.lib'…                      
Reading timing library for the 'nom_typ_1p20V_25C' corner at                    
'/home/wayne/devel/jane/hardcaml_asic/.toolchain/pdk/ihp-sg13cmos5l/libs.ref/sg1
3cmos5l_io/lib/sg13cmos5l_io_typ_1p2V_3p3V_25C.lib'…                            
Reading timing library for the 'nom_typ_1p20V_25C' corner at                    
'/home/wayne/devel/jane/hardcaml_asic/.toolchain/pdk/ihp-sg13cmos5l/libs.ref/sg1
3cmos5l_sram/lib/RM_IHPSG13_1P_256x16_c2_bm_bist_typ_1p20V_25C.lib'…            
Reading timing library for the 'nom_typ_1p20V_25C' corner at                    
'/home/wayne/devel/jane/hardcaml_asic/.toolchain/pdk/ihp-sg13cmos5l/libs.ref/sg1
3cmos5l_sram/lib/RM_IHPSG13_1P_256x16_c2_bm_bist_typ_1p20V_25C.lib'…            
[19:34:07] WARNING  [STA-1140]                                   openroad.py:321
                    /home/wayne/devel/jane/hardcaml_asic/.toolch                
                    ain/pdk/ihp-sg13cmos5l/libs.ref/sg13cmos5l_s                
                    ram/lib/RM_IHPSG13_1P_256x16_c2_bm_bist_typ_                
                    1p20V_25C.lib line 20, library                              
                    RM_IHPSG13_1P_256x16_c2_bm_bist_typ_1p20V_25                
                    C already exists.                                           
Reading OpenROAD database at                                                    
'/home/wayne/devel/jane/hardcaml_asic/experiments/sram_flow_feasibility/runs/att
empt-005-full/35-openroad-cts/tt_um_sram_probe.odb'…                            
Reading design constraints file at                                              
'/home/wayne/devel/jane/hardcaml_asic/experiments/sram_flow_feasibility/constrai
nts.sdc'…                                                                       
[INFO] No information on clock propagation in input SDC file-- propagating all  
clocks.                                                                         
─────────── Resizer Timing Optimizations (Post-Clock Tree Synthesis) ───────────
[19:34:07] VERBOSE  Running 'OpenROAD.ResizerTimingPostCTS' at      step.py:1138
                    'experiments/sram_flow_feasibility/runs/attempt             
                    -005-full/37-openroad-resizertimingpostcts'…                
[19:34:07] VERBOSE  OpenROAD will use None threads               openroad.py:520
[19:34:07] VERBOSE  Logging subprocess to                           step.py:1338
                    'experiments/sram_flow_feasibility/runs/attempt             
                    -005-full/37-openroad-resizertimingpostcts/open             
                    road-resizertimingpostcts.log'…                             
[19:34:07] WARNING  [ORD-0032] Invalid thread number             openroad.py:321
                    specification: None.                                        
Reading timing models for corner nom_fast_1p32V_m40C…                           
Reading timing library for the 'nom_fast_1p32V_m40C' corner at                  
'/home/wayne/devel/jane/hardcaml_asic/.toolchain/pdk/ihp-sg13cmos5l/libs.ref/sg1
3cmos5l_stdcell/lib/sg13cmos5l_stdcell_fast_1p32V_m40C.lib'…                    
Reading timing library for the 'nom_fast_1p32V_m40C' corner at                  
'/home/wayne/devel/jane/hardcaml_asic/.toolchain/pdk/ihp-sg13cmos5l/libs.ref/sg1
3cmos5l_io/lib/sg13cmos5l_io_fast_1p32V_3p6V_m40C.lib'…                         
Reading timing library for the 'nom_fast_1p32V_m40C' corner at                  
'/home/wayne/devel/jane/hardcaml_asic/.toolchain/pdk/ihp-sg13cmos5l/libs.ref/sg1
3cmos5l_sram/lib/RM_IHPSG13_1P_256x16_c2_bm_bist_typ_1p20V_25C.lib'…            
Reading timing library for the 'nom_fast_1p32V_m40C' corner at                  
'/home/wayne/devel/jane/hardcaml_asic/.toolchain/pdk/ihp-sg13cmos5l/libs.ref/sg1
3cmos5l_sram/lib/RM_IHPSG13_1P_256x16_c2_bm_bist_typ_1p20V_25C.lib'…            
[19:34:07] WARNING  [STA-1140]                                   openroad.py:321
                    /home/wayne/devel/jane/hardcaml_asic/.toolch                
                    ain/pdk/ihp-sg13cmos5l/libs.ref/sg13cmos5l_s                
                    ram/lib/RM_IHPSG13_1P_256x16_c2_bm_bist_typ_                
                    1p20V_25C.lib line 20, library                              
                    RM_IHPSG13_1P_256x16_c2_bm_bist_typ_1p20V_25                
                    C already exists.                                           
Reading timing models for corner nom_slow_1p08V_125C…                           
Reading timing library for the 'nom_slow_1p08V_125C' corner at                  
'/home/wayne/devel/jane/hardcaml_asic/.toolchain/pdk/ihp-sg13cmos5l/libs.ref/sg1
3cmos5l_stdcell/lib/sg13cmos5l_stdcell_slow_1p08V_125C.lib'…                    
Reading timing library for the 'nom_slow_1p08V_125C' corner at                  
'/home/wayne/devel/jane/hardcaml_asic/.toolchain/pdk/ihp-sg13cmos5l/libs.ref/sg1
3cmos5l_io/lib/sg13cmos5l_io_slow_1p08V_3p0V_125C.lib'…                         
Reading timing library for the 'nom_slow_1p08V_125C' corner at                  
'/home/wayne/devel/jane/hardcaml_asic/.toolchain/pdk/ihp-sg13cmos5l/libs.ref/sg1
3cmos5l_sram/lib/RM_IHPSG13_1P_256x16_c2_bm_bist_typ_1p20V_25C.lib'…            
[19:34:07] WARNING  [STA-1140]                                   openroad.py:321
                    /home/wayne/devel/jane/hardcaml_asic/.toolch                
                    ain/pdk/ihp-sg13cmos5l/libs.ref/sg13cmos5l_s                
                    ram/lib/RM_IHPSG13_1P_256x16_c2_bm_bist_typ_                
                    1p20V_25C.lib line 20, library                              
                    RM_IHPSG13_1P_256x16_c2_bm_bist_typ_1p20V_25                
                    C already exists.                                           
Reading timing library for the 'nom_slow_1p08V_125C' corner at                  
'/home/wayne/devel/jane/hardcaml_asic/.toolchain/pdk/ihp-sg13cmos5l/libs.ref/sg1
3cmos5l_sram/lib/RM_IHPSG13_1P_256x16_c2_bm_bist_typ_1p20V_25C.lib'…            
[19:34:07] WARNING  [STA-1140]                                   openroad.py:321
                    /home/wayne/devel/jane/hardcaml_asic/.toolch                
                    ain/pdk/ihp-sg13cmos5l/libs.ref/sg13cmos5l_s                
                    ram/lib/RM_IHPSG13_1P_256x16_c2_bm_bist_typ_                
                    1p20V_25C.lib line 20, library                              
                    RM_IHPSG13_1P_256x16_c2_bm_bist_typ_1p20V_25                
                    C already exists.                                           
Reading timing models for corner nom_typ_1p20V_25C…                             
Reading timing library for the 'nom_typ_1p20V_25C' corner at                    
'/home/wayne/devel/jane/hardcaml_asic/.toolchain/pdk/ihp-sg13cmos5l/libs.ref/sg1
3cmos5l_stdcell/lib/sg13cmos5l_stdcell_typ_1p20V_25C.lib'…                      
Reading timing library for the 'nom_typ_1p20V_25C' corner at                    
'/home/wayne/devel/jane/hardcaml_asic/.toolchain/pdk/ihp-sg13cmos5l/libs.ref/sg1
3cmos5l_io/lib/sg13cmos5l_io_typ_1p2V_3p3V_25C.lib'…                            
Reading timing library for the 'nom_typ_1p20V_25C' corner at                    
'/home/wayne/devel/jane/hardcaml_asic/.toolchain/pdk/ihp-sg13cmos5l/libs.ref/sg1
3cmos5l_sram/lib/RM_IHPSG13_1P_256x16_c2_bm_bist_typ_1p20V_25C.lib'…            
[19:34:07] WARNING  [STA-1140]                                   openroad.py:321
                    /home/wayne/devel/jane/hardcaml_asic/.toolch                
                    ain/pdk/ihp-sg13cmos5l/libs.ref/sg13cmos5l_s                
                    ram/lib/RM_IHPSG13_1P_256x16_c2_bm_bist_typ_                
                    1p20V_25C.lib line 20, library                              
                    RM_IHPSG13_1P_256x16_c2_bm_bist_typ_1p20V_25                
                    C already exists.                                           
Reading timing library for the 'nom_typ_1p20V_25C' corner at                    
'/home/wayne/devel/jane/hardcaml_asic/.toolchain/pdk/ihp-sg13cmos5l/libs.ref/sg1
3cmos5l_sram/lib/RM_IHPSG13_1P_256x16_c2_bm_bist_typ_1p20V_25C.lib'…            
[19:34:07] WARNING  [STA-1140]                                   openroad.py:321
                    /home/wayne/devel/jane/hardcaml_asic/.toolch                
                    ain/pdk/ihp-sg13cmos5l/libs.ref/sg13cmos5l_s                
                    ram/lib/RM_IHPSG13_1P_256x16_c2_bm_bist_typ_                
                    1p20V_25C.lib line 20, library                              
                    RM_IHPSG13_1P_256x16_c2_bm_bist_typ_1p20V_25                
                    C already exists.                                           
Reading OpenROAD database at                                                    
'/home/wayne/devel/jane/hardcaml_asic/experiments/sram_flow_feasibility/runs/att
empt-005-full/35-openroad-cts/tt_um_sram_probe.odb'…                            
Reading design constraints file at                                              
'/home/wayne/devel/jane/hardcaml_asic/experiments/sram_flow_feasibility/constrai
nts.sdc'…                                                                       
[INFO] No information on clock propagation in input SDC file-- propagating all  
clocks.                                                                         
+ repair_timing -verbose -setup -setup_margin                                   
0.05000000000000000277555756156289135105907917022705078125 -max_buffer_percent  
50.0                                                                            
[INFO RSZ-0100] Repair move sequence: UnbufferMove SizeUpMove SwapPinsMove      
BufferMove CloneMove SplitLoadMove                                              
[INFO RSZ-0098] No setup violations found                                       
+ repair_timing -verbose -hold -setup_margin                                    
0.05000000000000000277555756156289135105907917022705078125 -hold_margin 0.1     
-max_buffer_percent 50.0                                                        
[INFO RSZ-0046] Found 27 endpoints with hold violations.                        
Iteration | Resized | Buffers | Cloned Gates |   Area   |   WNS   |   TNS   |   
Endpoint                                                                        
--------------------------------------------------------------------------------
------                                                                          
        0 |       0 |       0 |            0 |    +0.0% |  -0.492 | -10.989 |   
memory.sram/A_ADDR[7]                                                           
       10 |       8 |      18 |            0 |    +1.0% |  -0.422 |  -9.217 |   
memory.sram/A_DIN[9]                                                            
       20 |       8 |      42 |            0 |    +2.3% |  -0.398 |  -4.013 |   
memory.sram/A_ADDR[3]                                                           
       30 |       9 |      66 |            0 |    +3.7% |   0.011 |   0.000 |   
memory.sram/A_DIN[10]                                                           
    final |       9 |      71 |            0 |    +3.9% |   0.202 |   0.000 |   
memory.sram/A_DIN[15]                                                           
--------------------------------------------------------------------------------
------                                                                          
[INFO RSZ-0032] Inserted 71 hold buffers.                                       
+ detailed_placement -max_displacement  500 100                                 
Placement Analysis                                                              
---------------------------------                                               
total displacement        792.8 u                                               
average displacement        4.4 u                                               
max displacement           16.7 u                                               
original HPWL           25278.8 u                                               
legalized HPWL          25489.2 u                                               
delta HPWL                    1 %                                               
                                                                                
[INFO DPL-0020] Mirrored 103 instances                                          
[INFO DPL-0021] HPWL before           25489.2 u                                 
[INFO DPL-0022] HPWL after            25340.2 u                                 
[INFO DPL-0023] HPWL delta               -0.6 %                                 
Setting global connections for newly added cells…                               
[INFO] Setting global connections...                                            
memory.sram matched with memory.sram                                            
memory.sram matched with memory.sram                                            
[INFO ODB-0403] 142 connections made, 0 conflicts skipped.                      
Updating metrics…                                                               
Cell type report:                       Count       Area                        
  Macro                                     1   28127.10                        
  Timing Repair Buffer                    105    1505.95                        
  Multi-Input combinational cell           73     535.25                        
  Total                                   179   30168.30                        
Writing OpenROAD database to                                                    
'/home/wayne/devel/jane/hardcaml_asic/experiments/sram_flow_feasibility/runs/att
empt-005-full/37-openroad-resizertimingpostcts/tt_um_sram_probe.odb'…           
Writing netlist to                                                              
'/home/wayne/devel/jane/hardcaml_asic/experiments/sram_flow_feasibility/runs/att
empt-005-full/37-openroad-resizertimingpostcts/tt_um_sram_probe.nl.v'…          
Writing powered netlist to                                                      
'/home/wayne/devel/jane/hardcaml_asic/experiments/sram_flow_feasibility/runs/att
empt-005-full/37-openroad-resizertimingpostcts/tt_um_sram_probe.pnl.v'…         
Writing layout to                                                               
'/home/wayne/devel/jane/hardcaml_asic/experiments/sram_flow_feasibility/runs/att
empt-005-full/37-openroad-resizertimingpostcts/tt_um_sram_probe.def'…           
Writing timing constraints to                                                   
'/home/wayne/devel/jane/hardcaml_asic/experiments/sram_flow_feasibility/runs/att
empt-005-full/37-openroad-resizertimingpostcts/tt_um_sram_probe.sdc'…           
─────────────────────── Static Timing Analysis (Mid-PnR) ───────────────────────
[19:34:08] VERBOSE  Running 'OpenROAD.STAMidPNR-2' at               step.py:1138
                    'experiments/sram_flow_feasibility/runs/attempt             
                    -005-full/38-openroad-stamidpnr-2'…                         
[19:34:08] VERBOSE  OpenROAD will use None threads               openroad.py:520
[19:34:08] VERBOSE  Logging subprocess to                           step.py:1338
                    'experiments/sram_flow_feasibility/runs/attempt             
                    -005-full/38-openroad-stamidpnr-2/openroad-stam             
                    idpnr-2.log'…                                               
[19:34:08] WARNING  [ORD-0032] Invalid thread number             openroad.py:321
                    specification: None.                                        
Reading timing models for corner nom_typ_1p20V_25C…                             
Reading timing library for the 'nom_typ_1p20V_25C' corner at                    
'/home/wayne/devel/jane/hardcaml_asic/.toolchain/pdk/ihp-sg13cmos5l/libs.ref/sg1
3cmos5l_stdcell/lib/sg13cmos5l_stdcell_typ_1p20V_25C.lib'…                      
Reading timing library for the 'nom_typ_1p20V_25C' corner at                    
'/home/wayne/devel/jane/hardcaml_asic/.toolchain/pdk/ihp-sg13cmos5l/libs.ref/sg1
3cmos5l_io/lib/sg13cmos5l_io_typ_1p2V_3p3V_25C.lib'…                            
Reading timing library for the 'nom_typ_1p20V_25C' corner at                    
'/home/wayne/devel/jane/hardcaml_asic/.toolchain/pdk/ihp-sg13cmos5l/libs.ref/sg1
3cmos5l_sram/lib/RM_IHPSG13_1P_256x16_c2_bm_bist_typ_1p20V_25C.lib'…            
Reading timing library for the 'nom_typ_1p20V_25C' corner at                    
'/home/wayne/devel/jane/hardcaml_asic/.toolchain/pdk/ihp-sg13cmos5l/libs.ref/sg1
3cmos5l_sram/lib/RM_IHPSG13_1P_256x16_c2_bm_bist_typ_1p20V_25C.lib'…            
[19:34:08] WARNING  [STA-1140]                                   openroad.py:321
                    /home/wayne/devel/jane/hardcaml_asic/.toolch                
                    ain/pdk/ihp-sg13cmos5l/libs.ref/sg13cmos5l_s                
                    ram/lib/RM_IHPSG13_1P_256x16_c2_bm_bist_typ_                
                    1p20V_25C.lib line 20, library                              
                    RM_IHPSG13_1P_256x16_c2_bm_bist_typ_1p20V_25                
                    C already exists.                                           
Reading OpenROAD database at                                                    
'/home/wayne/devel/jane/hardcaml_asic/experiments/sram_flow_feasibility/runs/att
empt-005-full/37-openroad-resizertimingpostcts/tt_um_sram_probe.odb'…           
Reading design constraints file at                                              
'/home/wayne/devel/jane/hardcaml_asic/experiments/sram_flow_feasibility/constrai
nts.sdc'…                                                                       
[INFO] No information on clock propagation in input SDC file-- propagating all  
clocks.                                                                         
──────────────────────────────── Global Routing ────────────────────────────────
[19:34:08] VERBOSE  Running 'OpenROAD.GlobalRouting' at             step.py:1138
                    'experiments/sram_flow_feasibility/runs/attempt             
                    -005-full/39-openroad-globalrouting'…                       
[19:34:08] VERBOSE  OpenROAD will use None threads               openroad.py:520
[19:34:08] VERBOSE  Logging subprocess to                           step.py:1338
                    'experiments/sram_flow_feasibility/runs/attempt             
                    -005-full/39-openroad-globalrouting/openroad-gl             
                    obalrouting.log'…                                           
[19:34:08] WARNING  [ORD-0032] Invalid thread number             openroad.py:321
                    specification: None.                                        
Reading timing models for corner nom_typ_1p20V_25C…                             
Reading timing library for the 'nom_typ_1p20V_25C' corner at                    
'/home/wayne/devel/jane/hardcaml_asic/.toolchain/pdk/ihp-sg13cmos5l/libs.ref/sg1
3cmos5l_stdcell/lib/sg13cmos5l_stdcell_typ_1p20V_25C.lib'…                      
Reading timing library for the 'nom_typ_1p20V_25C' corner at                    
'/home/wayne/devel/jane/hardcaml_asic/.toolchain/pdk/ihp-sg13cmos5l/libs.ref/sg1
3cmos5l_io/lib/sg13cmos5l_io_typ_1p2V_3p3V_25C.lib'…                            
Reading timing library for the 'nom_typ_1p20V_25C' corner at                    
'/home/wayne/devel/jane/hardcaml_asic/.toolchain/pdk/ihp-sg13cmos5l/libs.ref/sg1
3cmos5l_sram/lib/RM_IHPSG13_1P_256x16_c2_bm_bist_typ_1p20V_25C.lib'…            
Reading timing library for the 'nom_typ_1p20V_25C' corner at                    
'/home/wayne/devel/jane/hardcaml_asic/.toolchain/pdk/ihp-sg13cmos5l/libs.ref/sg1
3cmos5l_sram/lib/RM_IHPSG13_1P_256x16_c2_bm_bist_typ_1p20V_25C.lib'…            
[19:34:08] WARNING  [STA-1140]                                   openroad.py:321
                    /home/wayne/devel/jane/hardcaml_asic/.toolch                
                    ain/pdk/ihp-sg13cmos5l/libs.ref/sg13cmos5l_s                
                    ram/lib/RM_IHPSG13_1P_256x16_c2_bm_bist_typ_                
                    1p20V_25C.lib line 20, library                              
                    RM_IHPSG13_1P_256x16_c2_bm_bist_typ_1p20V_25                
                    C already exists.                                           
Reading OpenROAD database at                                                    
'/home/wayne/devel/jane/hardcaml_asic/experiments/sram_flow_feasibility/runs/att
empt-005-full/37-openroad-resizertimingpostcts/tt_um_sram_probe.odb'…           
Reading design constraints file at                                              
'/home/wayne/devel/jane/hardcaml_asic/experiments/sram_flow_feasibility/constrai
nts.sdc'…                                                                       
[INFO] No information on clock propagation in input SDC file-- propagating all  
clocks.                                                                         
[INFO] Setting signal min routing layer to: Metal2 and clock min routing layer  
to Metal2.                                                                      
[INFO] Setting signal max routing layer to: Metal4 and clock max routing layer  
to Metal4.                                                                      
+ global_route -congestion_iterations 50 -verbose -allow_congestion             
[INFO GRT-0020] Min routing layer: Metal2                                       
[INFO GRT-0021] Max routing layer: Metal4                                       
[INFO GRT-0022] Global adjustment: 30%                                          
[INFO GRT-0023] Grid origin: (0, 0)                                             
[INFO GRT-0088] Layer Metal1  Track-Pitch = 0.4200  line-2-Via Pitch: 0.3650    
[INFO GRT-0088] Layer Metal2  Track-Pitch = 0.4800  line-2-Via Pitch: 0.4150    
[INFO GRT-0088] Layer Metal3  Track-Pitch = 0.4200  line-2-Via Pitch: 0.4150    
[INFO GRT-0088] Layer Metal4  Track-Pitch = 0.4800  line-2-Via Pitch: 0.4100    
[INFO GRT-0003] Macros: 1                                                       
[INFO GRT-0004] Blockages: 880                                                  
[INFO GRT-0019] Found 1 clock nets.                                             
[INFO GRT-0001] Minimum degree: 2                                               
[INFO GRT-0002] Maximum degree: 4                                               
                                                                                
[INFO GRT-0053] Routing resources analysis:                                     
          Routing      Original      Derated      Resource                      
Layer     Direction    Resources     Resources    Reduction (%)                 
---------------------------------------------------------------                 
Metal1     Horizontal          0             0          0.00%                   
Metal2     Vertical       231552        153389          33.76%                  
Metal3     Horizontal     284154        186578          34.34%                  
Metal4     Vertical       225491        150338          33.33%                  
---------------------------------------------------------------                 
                                                                                
[INFO GRT-0101] Running extra iterations to remove overflow.                    
[INFO GRT-0102] Start extra iteration 1/50                                      
[INFO GRT-0102] Start extra iteration 2/50                                      
[INFO GRT-0102] Start extra iteration 3/50                                      
[INFO GRT-0102] Start extra iteration 4/50                                      
[INFO GRT-0102] Start extra iteration 5/50                                      
[INFO GRT-0102] Start extra iteration 6/50                                      
[INFO GRT-0102] Start extra iteration 7/50                                      
[INFO GRT-0102] Start extra iteration 8/50                                      
[INFO GRT-0102] Start extra iteration 9/50                                      
[INFO GRT-0102] Start extra iteration 10/50                                     
[INFO GRT-0102] Start extra iteration 11/50                                     
[INFO GRT-0102] Start extra iteration 12/50                                     
[INFO GRT-0102] Start extra iteration 13/50                                     
[INFO GRT-0102] Start extra iteration 14/50                                     
[INFO GRT-0102] Start extra iteration 15/50                                     
[INFO GRT-0102] Start extra iteration 16/50                                     
[INFO GRT-0102] Start extra iteration 17/50                                     
[INFO GRT-0102] Start extra iteration 18/50                                     
[INFO GRT-0102] Start extra iteration 19/50                                     
[INFO GRT-0102] Start extra iteration 20/50                                     
[INFO GRT-0102] Start extra iteration 21/50                                     
[INFO GRT-0102] Start extra iteration 22/50                                     
[INFO GRT-0102] Start extra iteration 23/50                                     
[INFO GRT-0102] Start extra iteration 24/50                                     
[INFO GRT-0102] Start extra iteration 25/50                                     
[INFO GRT-0102] Start extra iteration 26/50                                     
[INFO GRT-0102] Start extra iteration 27/50                                     
[INFO GRT-0102] Start extra iteration 28/50                                     
[INFO GRT-0102] Start extra iteration 29/50                                     
[INFO GRT-0102] Start extra iteration 30/50                                     
[INFO GRT-0102] Start extra iteration 31/50                                     
[INFO GRT-0102] Start extra iteration 32/50                                     
[INFO GRT-0102] Start extra iteration 33/50                                     
[INFO GRT-0102] Start extra iteration 34/50                                     
[INFO GRT-0102] Start extra iteration 35/50                                     
[INFO GRT-0102] Start extra iteration 36/50                                     
[INFO GRT-0102] Start extra iteration 37/50                                     
[INFO GRT-0102] Start extra iteration 38/50                                     
[INFO GRT-0102] Start extra iteration 39/50                                     
[INFO GRT-0102] Start extra iteration 40/50                                     
[INFO GRT-0102] Start extra iteration 41/50                                     
[INFO GRT-0102] Start extra iteration 42/50                                     
[INFO GRT-0102] Start extra iteration 43/50                                     
[INFO GRT-0102] Start extra iteration 44/50                                     
[INFO GRT-0102] Start extra iteration 45/50                                     
[INFO GRT-0102] Start extra iteration 46/50                                     
[INFO GRT-0102] Start extra iteration 47/50                                     
[INFO GRT-0102] Start extra iteration 48/50                                     
[INFO GRT-0102] Start extra iteration 49/50                                     
[INFO GRT-0102] Start extra iteration 50/50                                     
[INFO GRT-0197] Via related to pin nodes: 450                                   
[INFO GRT-0198] Via related Steiner nodes: 6                                    
[INFO GRT-0199] Via filling finished.                                           
[INFO GRT-0111] Final number of vias: 720                                       
[INFO GRT-0112] Final usage 3D: 6790                                            
                                                                                
[INFO GRT-0096] Final congestion report:                                        
Layer         Resource        Demand        Usage (%)    Max H / Max V / Total  
Overflow                                                                        
--------------------------------------------------------------------------------
-------                                                                         
Metal1               0             0            0.00%             0 /  0 /  0   
Metal2          153389          2919            1.90%             0 /  1 /  1   
Metal3          186578          1313            0.70%             1 /  0 /  3   
Metal4          150338           398            0.26%             0 /  0 /  0   
--------------------------------------------------------------------------------
-------                                                                         
Total           490305          4630            0.94%             1 /  1 /  4   
                                                                                
[INFO GRT-0018] Total wirelength: 36280 um                                      
[INFO GRT-0014] Routed nets: 213                                                
[19:34:09] WARNING  [GRT-0115] Global routing finished with      openroad.py:321
                    congestion. Check the congestion regions in                 
                    the DRC Viewer.                                             
[INFO GRT-0303] Global routing runtime = 00:00:00                               
Setting global connections for newly added cells…                               
[INFO] Setting global connections...                                            
memory.sram matched with memory.sram                                            
memory.sram matched with memory.sram                                            
[INFO ODB-0403] 0 connections made, 0 conflicts skipped.                        
Updating metrics…                                                               
Cell type report:                       Count       Area                        
  Macro                                     1   28127.10                        
  Timing Repair Buffer                    105    1505.95                        
  Multi-Input combinational cell           73     535.25                        
  Total                                   179   30168.30                        
Writing OpenROAD database to                                                    
'/home/wayne/devel/jane/hardcaml_asic/experiments/sram_flow_feasibility/runs/att
empt-005-full/39-openroad-globalrouting/tt_um_sram_probe.odb'…                  
Writing layout to                                                               
'/home/wayne/devel/jane/hardcaml_asic/experiments/sram_flow_feasibility/runs/att
empt-005-full/39-openroad-globalrouting/tt_um_sram_probe.def'…                  
──────────────────────────────── Check Antennas ────────────────────────────────
[19:34:09] VERBOSE  Running 'OpenROAD.CheckAntennas' at             step.py:1138
                    'experiments/sram_flow_feasibility/runs/attempt             
                    -005-full/40-openroad-checkantennas'…                       
[19:34:09] VERBOSE  OpenROAD will use None threads               openroad.py:520
[19:34:09] VERBOSE  Logging subprocess to                           step.py:1338
                    'experiments/sram_flow_feasibility/runs/attempt             
                    -005-full/40-openroad-checkantennas/openroad-ch             
                    eckantennas.log'…                                           
[19:34:09] WARNING  [ORD-0032] Invalid thread number             openroad.py:321
                    specification: None.                                        
Reading timing models for corner nom_typ_1p20V_25C…                             
Reading timing library for the 'nom_typ_1p20V_25C' corner at                    
'/home/wayne/devel/jane/hardcaml_asic/.toolchain/pdk/ihp-sg13cmos5l/libs.ref/sg1
3cmos5l_stdcell/lib/sg13cmos5l_stdcell_typ_1p20V_25C.lib'…                      
Reading timing library for the 'nom_typ_1p20V_25C' corner at                    
'/home/wayne/devel/jane/hardcaml_asic/.toolchain/pdk/ihp-sg13cmos5l/libs.ref/sg1
3cmos5l_io/lib/sg13cmos5l_io_typ_1p2V_3p3V_25C.lib'…                            
Reading timing library for the 'nom_typ_1p20V_25C' corner at                    
'/home/wayne/devel/jane/hardcaml_asic/.toolchain/pdk/ihp-sg13cmos5l/libs.ref/sg1
3cmos5l_sram/lib/RM_IHPSG13_1P_256x16_c2_bm_bist_typ_1p20V_25C.lib'…            
Reading timing library for the 'nom_typ_1p20V_25C' corner at                    
'/home/wayne/devel/jane/hardcaml_asic/.toolchain/pdk/ihp-sg13cmos5l/libs.ref/sg1
3cmos5l_sram/lib/RM_IHPSG13_1P_256x16_c2_bm_bist_typ_1p20V_25C.lib'…            
[19:34:09] WARNING  [STA-1140]                                   openroad.py:321
                    /home/wayne/devel/jane/hardcaml_asic/.toolch                
                    ain/pdk/ihp-sg13cmos5l/libs.ref/sg13cmos5l_s                
                    ram/lib/RM_IHPSG13_1P_256x16_c2_bm_bist_typ_                
                    1p20V_25C.lib line 20, library                              
                    RM_IHPSG13_1P_256x16_c2_bm_bist_typ_1p20V_25                
                    C already exists.                                           
Reading OpenROAD database at                                                    
'/home/wayne/devel/jane/hardcaml_asic/experiments/sram_flow_feasibility/runs/att
empt-005-full/39-openroad-globalrouting/tt_um_sram_probe.odb'…                  
Reading design constraints file at                                              
'/home/wayne/devel/jane/hardcaml_asic/experiments/sram_flow_feasibility/constrai
nts.sdc'…                                                                       
[INFO] No information on clock propagation in input SDC file-- propagating all  
clocks.                                                                         
┏━━━━━━━┳━━━━━━━━━┳━━━━━━━━━━┳━━━━━━━┳━━━━━━━━━━━━━━━━━━━┳━━━━━━━━┓
┃ P / R ┃ Partial ┃ Required ┃ Net   ┃ Pin               ┃ Layer  ┃
┡━━━━━━━╇━━━━━━━━━╇━━━━━━━━━━╇━━━━━━━╇━━━━━━━━━━━━━━━━━━━╇━━━━━━━━┩
│ 1.66  │ 332.81  │ 200.00   │ net16 │ hold134/A         │ Metal2 │
│ 1.26  │ 251.53  │ 200.00   │ clk   │ memory.sram/A_CLK │ Metal3 │
│ 0.00  │ 0.29    │ 200.00   │ clk   │ memory.sram/A_CLK │ Metal4 │
└───────┴─────────┴──────────┴───────┴───────────────────┴────────┘
[19:34:09] INFO     Gating variable for step                   sequential.py:362
                    'OpenROAD.RepairDesignPostGRT' set to                       
                    'False'- the step will be skipped.                          
[19:34:09] INFO     Skipping step 'Repair Design (Post-Global  sequential.py:370
                    Routing)'…                                                  
────────────────────── Diodes on Ports Protection Routine ──────────────────────
[19:34:09] VERBOSE  Running 'Odb.DiodesOnPorts' at                  step.py:1138
                    'experiments/sram_flow_feasibility/runs/attempt             
                    -005-full/41-odb-diodesonports'…                            
[19:34:09] INFO     'DIODE_ON_PORTS' is set to 'none': skipping       odb.py:820
                    'Odb.DiodesOnPorts'…                                        
[19:34:09] INFO     Gating variable for step                   sequential.py:362
                    'Odb.HeuristicDiodeInsertion' set to                        
                    'False'- the step will be skipped.                          
[19:34:09] INFO     Skipping step 'Heuristic Diode Insertion'… sequential.py:370
──────────────────────────────── Antenna Repair ────────────────────────────────
[19:34:09] VERBOSE  Running 'OpenROAD.RepairAntennas' at            step.py:1138
                    'experiments/sram_flow_feasibility/runs/attempt             
                    -005-full/42-openroad-repairantennas'…                      
─────────────────────────────── Diode Insertion ────────────────────────────────
[19:34:09] VERBOSE  Running 'OpenROAD.DiodeInsertion' at            step.py:1138
                    'experiments/sram_flow_feasibility/runs/attempt             
                    -005-full/42-openroad-repairantennas/1-openroad             
                    -diodeinsertion'…                                           
[19:34:09] VERBOSE  OpenROAD will use None threads               openroad.py:520
[19:34:09] VERBOSE  Logging subprocess to                           step.py:1338
                    'experiments/sram_flow_feasibility/runs/attempt             
                    -005-full/42-openroad-repairantennas/1-openroad             
                    -diodeinsertion/openroad-diodeinsertion.log'…               
[19:34:09] WARNING  [ORD-0032] Invalid thread number             openroad.py:321
                    specification: None.                                        
Reading timing models for corner nom_typ_1p20V_25C…                             
Reading timing library for the 'nom_typ_1p20V_25C' corner at                    
'/home/wayne/devel/jane/hardcaml_asic/.toolchain/pdk/ihp-sg13cmos5l/libs.ref/sg1
3cmos5l_stdcell/lib/sg13cmos5l_stdcell_typ_1p20V_25C.lib'…                      
Reading timing library for the 'nom_typ_1p20V_25C' corner at                    
'/home/wayne/devel/jane/hardcaml_asic/.toolchain/pdk/ihp-sg13cmos5l/libs.ref/sg1
3cmos5l_io/lib/sg13cmos5l_io_typ_1p2V_3p3V_25C.lib'…                            
Reading timing library for the 'nom_typ_1p20V_25C' corner at                    
'/home/wayne/devel/jane/hardcaml_asic/.toolchain/pdk/ihp-sg13cmos5l/libs.ref/sg1
3cmos5l_sram/lib/RM_IHPSG13_1P_256x16_c2_bm_bist_typ_1p20V_25C.lib'…            
Reading timing library for the 'nom_typ_1p20V_25C' corner at                    
'/home/wayne/devel/jane/hardcaml_asic/.toolchain/pdk/ihp-sg13cmos5l/libs.ref/sg1
3cmos5l_sram/lib/RM_IHPSG13_1P_256x16_c2_bm_bist_typ_1p20V_25C.lib'…            
[19:34:10] WARNING  [STA-1140]                                   openroad.py:321
                    /home/wayne/devel/jane/hardcaml_asic/.toolch                
                    ain/pdk/ihp-sg13cmos5l/libs.ref/sg13cmos5l_s                
                    ram/lib/RM_IHPSG13_1P_256x16_c2_bm_bist_typ_                
                    1p20V_25C.lib line 20, library                              
                    RM_IHPSG13_1P_256x16_c2_bm_bist_typ_1p20V_25                
                    C already exists.                                           
Reading OpenROAD database at                                                    
'/home/wayne/devel/jane/hardcaml_asic/experiments/sram_flow_feasibility/runs/att
empt-005-full/39-openroad-globalrouting/tt_um_sram_probe.odb'…                  
Reading design constraints file at                                              
'/home/wayne/devel/jane/hardcaml_asic/experiments/sram_flow_feasibility/constrai
nts.sdc'…                                                                       
[INFO] No information on clock propagation in input SDC file-- propagating all  
clocks.                                                                         
+ repair_antennas sg13cmos5l_antennanp -iterations 3 -ratio_margin 10           
-allow_congestion                                                               
[INFO GRT-0012] Found 2 antenna violations.                                     
[INFO GRT-0302] Inserted 1 jumpers for 1 nets.                                  
[INFO GRT-0012] Found 1 antenna violations.                                     
[INFO GRT-0015] Inserted 2 diodes.                                              
[INFO GRT-0012] Found 2 antenna violations.                                     
[INFO GRT-0302] Inserted 2 jumpers for 2 nets.                                  
[INFO GRT-0012] Found 0 antenna violations.                                     
Setting global connections for newly added cells…                               
[INFO] Setting global connections...                                            
memory.sram matched with memory.sram                                            
memory.sram matched with memory.sram                                            
[INFO ODB-0403] 4 connections made, 0 conflicts skipped.                        
Updating metrics…                                                               
Cell type report:                       Count       Area                        
  Macro                                     1   28127.10                        
  Antenna cell                              2      10.89                        
  Timing Repair Buffer                    105    1505.95                        
  Multi-Input combinational cell           73     535.25                        
  Total                                   181   30179.19                        
Writing OpenROAD database to                                                    
'/home/wayne/devel/jane/hardcaml_asic/experiments/sram_flow_feasibility/runs/att
empt-005-full/42-openroad-repairantennas/1-openroad-diodeinsertion/tt_um_sram_pr
obe.odb'…                                                                       
Writing layout to                                                               
'/home/wayne/devel/jane/hardcaml_asic/experiments/sram_flow_feasibility/runs/att
empt-005-full/42-openroad-repairantennas/1-openroad-diodeinsertion/tt_um_sram_pr
obe.def'…                                                                       
──────────────────────────────── Check Antennas ────────────────────────────────
[19:34:10] VERBOSE  Running 'OpenROAD.CheckAntennas' at             step.py:1138
                    'experiments/sram_flow_feasibility/runs/attempt             
                    -005-full/42-openroad-repairantennas/2-openroad             
                    -checkantennas'…                                            
[19:34:10] VERBOSE  OpenROAD will use None threads               openroad.py:520
[19:34:10] VERBOSE  Logging subprocess to                           step.py:1338
                    'experiments/sram_flow_feasibility/runs/attempt             
                    -005-full/42-openroad-repairantennas/2-openroad             
                    -checkantennas/openroad-checkantennas.log'…                 
[19:34:10] WARNING  [ORD-0032] Invalid thread number             openroad.py:321
                    specification: None.                                        
Reading timing models for corner nom_typ_1p20V_25C…                             
Reading timing library for the 'nom_typ_1p20V_25C' corner at                    
'/home/wayne/devel/jane/hardcaml_asic/.toolchain/pdk/ihp-sg13cmos5l/libs.ref/sg1
3cmos5l_stdcell/lib/sg13cmos5l_stdcell_typ_1p20V_25C.lib'…                      
Reading timing library for the 'nom_typ_1p20V_25C' corner at                    
'/home/wayne/devel/jane/hardcaml_asic/.toolchain/pdk/ihp-sg13cmos5l/libs.ref/sg1
3cmos5l_io/lib/sg13cmos5l_io_typ_1p2V_3p3V_25C.lib'…                            
Reading timing library for the 'nom_typ_1p20V_25C' corner at                    
'/home/wayne/devel/jane/hardcaml_asic/.toolchain/pdk/ihp-sg13cmos5l/libs.ref/sg1
3cmos5l_sram/lib/RM_IHPSG13_1P_256x16_c2_bm_bist_typ_1p20V_25C.lib'…            
Reading timing library for the 'nom_typ_1p20V_25C' corner at                    
'/home/wayne/devel/jane/hardcaml_asic/.toolchain/pdk/ihp-sg13cmos5l/libs.ref/sg1
3cmos5l_sram/lib/RM_IHPSG13_1P_256x16_c2_bm_bist_typ_1p20V_25C.lib'…            
[19:34:10] WARNING  [STA-1140]                                   openroad.py:321
                    /home/wayne/devel/jane/hardcaml_asic/.toolch                
                    ain/pdk/ihp-sg13cmos5l/libs.ref/sg13cmos5l_s                
                    ram/lib/RM_IHPSG13_1P_256x16_c2_bm_bist_typ_                
                    1p20V_25C.lib line 20, library                              
                    RM_IHPSG13_1P_256x16_c2_bm_bist_typ_1p20V_25                
                    C already exists.                                           
Reading OpenROAD database at                                                    
'/home/wayne/devel/jane/hardcaml_asic/experiments/sram_flow_feasibility/runs/att
empt-005-full/42-openroad-repairantennas/1-openroad-diodeinsertion/tt_um_sram_pr
obe.odb'…                                                                       
Reading design constraints file at                                              
'/home/wayne/devel/jane/hardcaml_asic/experiments/sram_flow_feasibility/constrai
nts.sdc'…                                                                       
[INFO] No information on clock propagation in input SDC file-- propagating all  
clocks.                                                                         
[19:34:10] INFO     Gating variable for step                   sequential.py:362
                    'OpenROAD.ResizerTimingPostGRT' set to                      
                    'False'- the step will be skipped.                          
[19:34:10] INFO     Skipping step 'Resizer Timing              sequential.py:370
                    Optimizations (Post-Global Routing)'…                       
─────────────────────── Static Timing Analysis (Mid-PnR) ───────────────────────
[19:34:10] VERBOSE  Running 'OpenROAD.STAMidPNR-3' at               step.py:1138
                    'experiments/sram_flow_feasibility/runs/attempt             
                    -005-full/43-openroad-stamidpnr-3'…                         
[19:34:10] VERBOSE  OpenROAD will use None threads               openroad.py:520
[19:34:10] VERBOSE  Logging subprocess to                           step.py:1338
                    'experiments/sram_flow_feasibility/runs/attempt             
                    -005-full/43-openroad-stamidpnr-3/openroad-stam             
                    idpnr-3.log'…                                               
[19:34:11] WARNING  [ORD-0032] Invalid thread number             openroad.py:321
                    specification: None.                                        
Reading timing models for corner nom_typ_1p20V_25C…                             
Reading timing library for the 'nom_typ_1p20V_25C' corner at                    
'/home/wayne/devel/jane/hardcaml_asic/.toolchain/pdk/ihp-sg13cmos5l/libs.ref/sg1
3cmos5l_stdcell/lib/sg13cmos5l_stdcell_typ_1p20V_25C.lib'…                      
Reading timing library for the 'nom_typ_1p20V_25C' corner at                    
'/home/wayne/devel/jane/hardcaml_asic/.toolchain/pdk/ihp-sg13cmos5l/libs.ref/sg1
3cmos5l_io/lib/sg13cmos5l_io_typ_1p2V_3p3V_25C.lib'…                            
Reading timing library for the 'nom_typ_1p20V_25C' corner at                    
'/home/wayne/devel/jane/hardcaml_asic/.toolchain/pdk/ihp-sg13cmos5l/libs.ref/sg1
3cmos5l_sram/lib/RM_IHPSG13_1P_256x16_c2_bm_bist_typ_1p20V_25C.lib'…            
Reading timing library for the 'nom_typ_1p20V_25C' corner at                    
'/home/wayne/devel/jane/hardcaml_asic/.toolchain/pdk/ihp-sg13cmos5l/libs.ref/sg1
3cmos5l_sram/lib/RM_IHPSG13_1P_256x16_c2_bm_bist_typ_1p20V_25C.lib'…            
[19:34:11] WARNING  [STA-1140]                                   openroad.py:321
                    /home/wayne/devel/jane/hardcaml_asic/.toolch                
                    ain/pdk/ihp-sg13cmos5l/libs.ref/sg13cmos5l_s                
                    ram/lib/RM_IHPSG13_1P_256x16_c2_bm_bist_typ_                
                    1p20V_25C.lib line 20, library                              
                    RM_IHPSG13_1P_256x16_c2_bm_bist_typ_1p20V_25                
                    C already exists.                                           
Reading OpenROAD database at                                                    
'/home/wayne/devel/jane/hardcaml_asic/experiments/sram_flow_feasibility/runs/att
empt-005-full/42-openroad-repairantennas/1-openroad-diodeinsertion/tt_um_sram_pr
obe.odb'…                                                                       
Reading design constraints file at                                              
'/home/wayne/devel/jane/hardcaml_asic/experiments/sram_flow_feasibility/constrai
nts.sdc'…                                                                       
[INFO] No information on clock propagation in input SDC file-- propagating all  
clocks.                                                                         
─────────────────────────────── Detailed Routing ───────────────────────────────
[19:34:11] VERBOSE  Running 'OpenROAD.DetailedRouting' at           step.py:1138
                    'experiments/sram_flow_feasibility/runs/attempt             
                    -005-full/44-openroad-detailedrouting'…                     
[19:34:11] VERBOSE  OpenROAD will use None threads               openroad.py:520
[19:34:11] VERBOSE  Logging subprocess to                           step.py:1338
                    'experiments/sram_flow_feasibility/runs/attempt             
                    -005-full/44-openroad-detailedrouting/openroad-             
                    detailedrouting.log'…                                       
[19:34:11] WARNING  [ORD-0032] Invalid thread number             openroad.py:321
                    specification: None.                                        
Reading timing models for corner nom_typ_1p20V_25C…                             
Reading timing library for the 'nom_typ_1p20V_25C' corner at                    
'/home/wayne/devel/jane/hardcaml_asic/.toolchain/pdk/ihp-sg13cmos5l/libs.ref/sg1
3cmos5l_stdcell/lib/sg13cmos5l_stdcell_typ_1p20V_25C.lib'…                      
Reading timing library for the 'nom_typ_1p20V_25C' corner at                    
'/home/wayne/devel/jane/hardcaml_asic/.toolchain/pdk/ihp-sg13cmos5l/libs.ref/sg1
3cmos5l_io/lib/sg13cmos5l_io_typ_1p2V_3p3V_25C.lib'…                            
Reading timing library for the 'nom_typ_1p20V_25C' corner at                    
'/home/wayne/devel/jane/hardcaml_asic/.toolchain/pdk/ihp-sg13cmos5l/libs.ref/sg1
3cmos5l_sram/lib/RM_IHPSG13_1P_256x16_c2_bm_bist_typ_1p20V_25C.lib'…            
Reading timing library for the 'nom_typ_1p20V_25C' corner at                    
'/home/wayne/devel/jane/hardcaml_asic/.toolchain/pdk/ihp-sg13cmos5l/libs.ref/sg1
3cmos5l_sram/lib/RM_IHPSG13_1P_256x16_c2_bm_bist_typ_1p20V_25C.lib'…            
[19:34:11] WARNING  [STA-1140]                                   openroad.py:321
                    /home/wayne/devel/jane/hardcaml_asic/.toolch                
                    ain/pdk/ihp-sg13cmos5l/libs.ref/sg13cmos5l_s                
                    ram/lib/RM_IHPSG13_1P_256x16_c2_bm_bist_typ_                
                    1p20V_25C.lib line 20, library                              
                    RM_IHPSG13_1P_256x16_c2_bm_bist_typ_1p20V_25                
                    C already exists.                                           
Reading OpenROAD database at                                                    
'/home/wayne/devel/jane/hardcaml_asic/experiments/sram_flow_feasibility/runs/att
empt-005-full/42-openroad-repairantennas/1-openroad-diodeinsertion/tt_um_sram_pr
obe.odb'…                                                                       
Reading design constraints file at                                              
'/home/wayne/devel/jane/hardcaml_asic/experiments/sram_flow_feasibility/constrai
nts.sdc'…                                                                       
[INFO] No information on clock propagation in input SDC file-- propagating all  
clocks.                                                                         
+ detailed_route -droute_end_iter 64 -or_seed 42 -verbose 1 -output_drc         
/home/wayne/devel/jane/hardcaml_asic/experiments/sram_flow_feasibility/runs/atte
mpt-005-full/44-openroad-detailedrouting/drt-run-0/tt_um_sram_probe.drc         
[INFO DRT-0149] Reading tech and libs.                                          
[19:34:11] WARNING  [DRT-0349] LEF58_ENCLOSURE with no CUTCLASS  openroad.py:321
                    is not supported. Skipping for layer Cont                   
[19:34:11] WARNING  [DRT-0349] LEF58_ENCLOSURE with no CUTCLASS  openroad.py:321
                    is not supported. Skipping for layer Via1                   
[19:34:11] WARNING  [DRT-0349] LEF58_ENCLOSURE with no CUTCLASS  openroad.py:321
                    is not supported. Skipping for layer Via1                   
[19:34:11] WARNING  [DRT-0349] LEF58_ENCLOSURE with no CUTCLASS  openroad.py:321
                    is not supported. Skipping for layer Via2                   
[19:34:11] WARNING  [DRT-0349] LEF58_ENCLOSURE with no CUTCLASS  openroad.py:321
                    is not supported. Skipping for layer Via3                   
[19:34:11] WARNING  [DRT-0349] LEF58_ENCLOSURE with no CUTCLASS  openroad.py:321
                    is not supported. Skipping for layer TopVia1                
[19:34:11] WARNING  [DRT-0349] LEF58_ENCLOSURE with no CUTCLASS  openroad.py:321
                    is not supported. Skipping for layer TopVia1                
                                                                                
Units:                1000                                                      
Number of layers:     11                                                        
Number of macros:     107                                                       
Number of vias:       55                                                        
Number of viarulegen: 4                                                         
                                                                                
[INFO DRT-0150] Reading design.                                                 
                                                                                
Design:                   tt_um_sram_probe                                      
Die area:                 ( 0 0 ) ( 1289280 710640 )                            
Number of track patterns: 10                                                    
Number of DEF vias:       0                                                     
Number of components:     181                                                   
Number of terminals:      45                                                    
Number of snets:          2                                                     
Number of nets:           213                                                   
                                                                                
[INFO DRT-0167] List of default vias:                                           
  Layer Via2                                                                    
    default via: Via2_YX                                                        
  Layer Via3                                                                    
    default via: Via3_XY                                                        
  Layer TopVia1                                                                 
    default via: TopVia1EWNS                                                    
[INFO DRT-0162] Library cell analysis.                                          
[INFO DRT-0163] Instance analysis.                                              
[INFO DRT-0164] Number of unique instances = 15.                                
[INFO DRT-0168] Init region query.                                              
[INFO DRT-0024]   Complete GatPoly.                                             
[INFO DRT-0024]   Complete Cont.                                                
[INFO DRT-0024]   Complete Metal1.                                              
[INFO DRT-0024]   Complete Via1.                                                
[INFO DRT-0024]   Complete Metal2.                                              
[INFO DRT-0024]   Complete Via2.                                                
[INFO DRT-0024]   Complete Metal3.                                              
[INFO DRT-0024]   Complete Via3.                                                
[INFO DRT-0024]   Complete Metal4.                                              
[INFO DRT-0024]   Complete TopVia1.                                             
[INFO DRT-0024]   Complete TopMetal1.                                           
[INFO DRT-0033] GatPoly shape region query size = 0.                            
[INFO DRT-0033] Cont shape region query size = 0.                               
[INFO DRT-0033] Metal1 shape region query size = 8038.                          
[INFO DRT-0033] Via1 shape region query size = 23485.                           
[INFO DRT-0033] Metal2 shape region query size = 9567.                          
[INFO DRT-0033] Via2 shape region query size = 23485.                           
[INFO DRT-0033] Metal3 shape region query size = 9395.                          
[INFO DRT-0033] Via3 shape region query size = 23485.                           
[INFO DRT-0033] Metal4 shape region query size = 4920.                          
[INFO DRT-0033] TopVia1 shape region query size = 0.                            
[INFO DRT-0033] TopMetal1 shape region query size = 0.                          
[INFO DRT-0165] Start pin access.                                               
[INFO DRT-0078]   Complete 161 pins.                                            
[INFO DRT-0081]   Complete 14 unique inst patterns.                             
[INFO DRT-0084]   Complete 89 groups.                                           
#scanned instances     = 181                                                    
#unique  instances     = 15                                                     
#stdCellGenAp          = 298                                                    
#stdCellValidPlanarAp  = 0                                                      
#stdCellValidViaAp     = 261                                                    
#stdCellPinNoAp        = 0                                                      
#stdCellPinCnt         = 289                                                    
#instTermValidViaApCnt = 0                                                      
#macroGenAp            = 221                                                    
#macroValidPlanarAp    = 178                                                    
#macroValidViaAp       = 0                                                      
#macroNoAp             = 0                                                      
[INFO DRT-0166] Complete pin access.                                            
[INFO DRT-0267] cpu time = 00:00:01, elapsed time = 00:00:01, memory = 111.03   
(MB), peak = 110.68 (MB)                                                        
                                                                                
[INFO DRT-0157] Number of guides:     1223                                      
                                                                                
[INFO DRT-0169] Post process guides.                                            
[INFO DRT-0176] GCELLGRID X 0 DO 179 STEP 7200 ;                                
[INFO DRT-0177] GCELLGRID Y 0 DO 98 STEP 7200 ;                                 
[INFO DRT-0028]   Complete GatPoly.                                             
[INFO DRT-0028]   Complete Cont.                                                
[INFO DRT-0028]   Complete Metal1.                                              
[INFO DRT-0028]   Complete Via1.                                                
[INFO DRT-0028]   Complete Metal2.                                              
[INFO DRT-0028]   Complete Via2.                                                
[INFO DRT-0028]   Complete Metal3.                                              
[INFO DRT-0028]   Complete Via3.                                                
[INFO DRT-0028]   Complete Metal4.                                              
[INFO DRT-0028]   Complete TopVia1.                                             
[INFO DRT-0028]   Complete TopMetal1.                                           
[INFO DRT-0178] Init guide query.                                               
[INFO DRT-0035]   Complete GatPoly (guide).                                     
[INFO DRT-0035]   Complete Cont (guide).                                        
[INFO DRT-0035]   Complete Metal1 (guide).                                      
[INFO DRT-0035]   Complete Via1 (guide).                                        
[INFO DRT-0035]   Complete Metal2 (guide).                                      
[INFO DRT-0035]   Complete Via2 (guide).                                        
[INFO DRT-0035]   Complete Metal3 (guide).                                      
[INFO DRT-0035]   Complete Via3 (guide).                                        
[INFO DRT-0035]   Complete Metal4 (guide).                                      
[INFO DRT-0035]   Complete TopVia1 (guide).                                     
[INFO DRT-0035]   Complete TopMetal1 (guide).                                   
[INFO DRT-0036] GatPoly guide region query size = 0.                            
[INFO DRT-0036] Cont guide region query size = 0.                               
[INFO DRT-0036] Metal1 guide region query size = 273.                           
[INFO DRT-0036] Via1 guide region query size = 0.                               
[INFO DRT-0036] Metal2 guide region query size = 356.                           
[INFO DRT-0036] Via2 guide region query size = 0.                               
[INFO DRT-0036] Metal3 guide region query size = 203.                           
[INFO DRT-0036] Via3 guide region query size = 0.                               
[INFO DRT-0036] Metal4 guide region query size = 47.                            
[INFO DRT-0036] TopVia1 guide region query size = 0.                            
[INFO DRT-0036] TopMetal1 guide region query size = 0.                          
[INFO DRT-0179] Init gr pin query.                                              
[INFO DRT-0267] cpu time = 00:00:00, elapsed time = 00:00:00, memory = 111.47   
(MB), peak = 110.93 (MB)                                                        
[INFO DRT-0245] skipped writing guide updates to database.                      
[INFO DRT-0185] Post process initialize RPin region query.                      
[INFO DRT-0181] Start track assignment.                                         
[INFO DRT-0184] Done with 403 vertical wires in 4 frboxes and 476 horizontal    
wires in 2 frboxes.                                                             
[INFO DRT-0186] Done with 82 vertical wires in 4 frboxes and 32 horizontal wires
in 2 frboxes.                                                                   
[INFO DRT-0182] Complete track assignment.                                      
[INFO DRT-0267] cpu time = 00:00:00, elapsed time = 00:00:00, memory = 122.41   
(MB), peak = 122.18 (MB)                                                        
[INFO DRT-0187] Start routing data preparation.                                 
[INFO DRT-0267] cpu time = 00:00:00, elapsed time = 00:00:00, memory = 122.41   
(MB), peak = 122.18 (MB)                                                        
[INFO DRT-0194] Start detail routing.                                           
[INFO DRT-0195] Start 0th optimization iteration.                               
    Completing 10% with 0 violations.                                           
    elapsed time = 00:00:00, memory = 125.13 (MB).                              
    Completing 20% with 0 violations.                                           
    elapsed time = 00:00:00, memory = 125.13 (MB).                              
    Completing 30% with 0 violations.                                           
    elapsed time = 00:00:00, memory = 127.25 (MB).                              
    Completing 40% with 0 violations.                                           
    elapsed time = 00:00:00, memory = 127.25 (MB).                              
    Completing 50% with 0 violations.                                           
    elapsed time = 00:00:00, memory = 127.25 (MB).                              
    Completing 60% with 7 violations.                                           
    elapsed time = 00:00:00, memory = 128.73 (MB).                              
    Completing 70% with 7 violations.                                           
    elapsed time = 00:00:00, memory = 128.73 (MB).                              
    Completing 80% with 7 violations.                                           
    elapsed time = 00:00:00, memory = 129.39 (MB).                              
    Completing 90% with 7 violations.                                           
    elapsed time = 00:00:00, memory = 129.39 (MB).                              
    Completing 100% with 10 violations.                                         
    elapsed time = 00:00:00, memory = 129.39 (MB).                              
[INFO DRT-0199]   Number of violations = 16.                                    
Viol/Layer      Metal2                                                          
Metal Spacing        1                                                          
Recheck              6                                                          
Short                9                                                          
[INFO DRT-0267] cpu time = 00:00:00, elapsed time = 00:00:00, memory = 389.17   
(MB), peak = 427.94 (MB)                                                        
Total wire length = 32793 um.                                                   
Total wire length on LAYER Metal1 = 0 um.                                       
Total wire length on LAYER Metal2 = 19975 um.                                   
Total wire length on LAYER Metal3 = 9083 um.                                    
Total wire length on LAYER Metal4 = 3734 um.                                    
Total wire length on LAYER TopMetal1 = 0 um.                                    
Total number of vias = 698.                                                     
Up-via summary (total 698):                                                     
                                                                                
---------------                                                                 
 GatPoly      0                                                                 
  Metal1    291                                                                 
  Metal2    356                                                                 
  Metal3     51                                                                 
  Metal4      0                                                                 
---------------                                                                 
        698                                                                     
                                                                                
                                                                                
[INFO DRT-0195] Start 1st optimization iteration.                               
    Completing 10% with 16 violations.                                          
    elapsed time = 00:00:00, memory = 389.22 (MB).                              
    Completing 20% with 16 violations.                                          
    elapsed time = 00:00:00, memory = 389.22 (MB).                              
    Completing 30% with 15 violations.                                          
    elapsed time = 00:00:00, memory = 389.22 (MB).                              
    Completing 40% with 15 violations.                                          
    elapsed time = 00:00:00, memory = 389.22 (MB).                              
    Completing 50% with 15 violations.                                          
    elapsed time = 00:00:00, memory = 389.22 (MB).                              
    Completing 60% with 6 violations.                                           
    elapsed time = 00:00:00, memory = 389.22 (MB).                              
    Completing 70% with 6 violations.                                           
    elapsed time = 00:00:00, memory = 389.22 (MB).                              
    Completing 80% with 6 violations.                                           
    elapsed time = 00:00:00, memory = 389.22 (MB).                              
    Completing 90% with 6 violations.                                           
    elapsed time = 00:00:00, memory = 389.22 (MB).                              
    Completing 100% with 3 violations.                                          
    elapsed time = 00:00:00, memory = 389.22 (MB).                              
[INFO DRT-0199]   Number of violations = 3.                                     
Viol/Layer      Metal2                                                          
Short                3                                                          
[INFO DRT-0267] cpu time = 00:00:00, elapsed time = 00:00:00, memory = 428.29   
(MB), peak = 427.94 (MB)                                                        
Total wire length = 32777 um.                                                   
Total wire length on LAYER Metal1 = 0 um.                                       
Total wire length on LAYER Metal2 = 19959 um.                                   
Total wire length on LAYER Metal3 = 9068 um.                                    
Total wire length on LAYER Metal4 = 3749 um.                                    
Total wire length on LAYER TopMetal1 = 0 um.                                    
Total number of vias = 692.                                                     
Up-via summary (total 692):                                                     
                                                                                
---------------                                                                 
 GatPoly      0                                                                 
  Metal1    291                                                                 
  Metal2    350                                                                 
  Metal3     51                                                                 
  Metal4      0                                                                 
---------------                                                                 
        692                                                                     
                                                                                
                                                                                
[INFO DRT-0195] Start 2nd optimization iteration.                               
    Completing 10% with 3 violations.                                           
    elapsed time = 00:00:00, memory = 428.29 (MB).                              
    Completing 20% with 3 violations.                                           
    elapsed time = 00:00:00, memory = 428.29 (MB).                              
    Completing 30% with 1 violations.                                           
    elapsed time = 00:00:00, memory = 428.29 (MB).                              
    Completing 40% with 1 violations.                                           
    elapsed time = 00:00:00, memory = 428.29 (MB).                              
    Completing 50% with 1 violations.                                           
    elapsed time = 00:00:00, memory = 428.29 (MB).                              
    Completing 60% with 1 violations.                                           
    elapsed time = 00:00:00, memory = 428.29 (MB).                              
    Completing 70% with 1 violations.                                           
    elapsed time = 00:00:00, memory = 428.29 (MB).                              
    Completing 80% with 2 violations.                                           
    elapsed time = 00:00:00, memory = 428.29 (MB).                              
    Completing 90% with 2 violations.                                           
    elapsed time = 00:00:00, memory = 428.29 (MB).                              
    Completing 100% with 2 violations.                                          
    elapsed time = 00:00:00, memory = 428.29 (MB).                              
[INFO DRT-0199]   Number of violations = 2.                                     
Viol/Layer      Metal2                                                          
Short                2                                                          
[INFO DRT-0267] cpu time = 00:00:00, elapsed time = 00:00:00, memory = 428.29   
(MB), peak = 427.94 (MB)                                                        
Total wire length = 32778 um.                                                   
Total wire length on LAYER Metal1 = 0 um.                                       
Total wire length on LAYER Metal2 = 19958 um.                                   
Total wire length on LAYER Metal3 = 9070 um.                                    
Total wire length on LAYER Metal4 = 3749 um.                                    
Total wire length on LAYER TopMetal1 = 0 um.                                    
Total number of vias = 696.                                                     
Up-via summary (total 696):                                                     
                                                                                
---------------                                                                 
 GatPoly      0                                                                 
  Metal1    291                                                                 
  Metal2    354                                                                 
  Metal3     51                                                                 
  Metal4      0                                                                 
---------------                                                                 
        696                                                                     
                                                                                
                                                                                
[INFO DRT-0195] Start 3rd guides tiles iteration.                               
    Completing 100% with 0 violations.                                          
    elapsed time = 00:00:00, memory = 428.42 (MB).                              
[INFO DRT-0199]   Number of violations = 0.                                     
[INFO DRT-0267] cpu time = 00:00:00, elapsed time = 00:00:00, memory = 428.42   
(MB), peak = 428.15 (MB)                                                        
Total wire length = 32776 um.                                                   
Total wire length on LAYER Metal1 = 0 um.                                       
Total wire length on LAYER Metal2 = 19955 um.                                   
Total wire length on LAYER Metal3 = 9071 um.                                    
Total wire length on LAYER Metal4 = 3749 um.                                    
Total wire length on LAYER TopMetal1 = 0 um.                                    
Total number of vias = 698.                                                     
Up-via summary (total 698):                                                     
                                                                                
---------------                                                                 
 GatPoly      0                                                                 
  Metal1    291                                                                 
  Metal2    356                                                                 
  Metal3     51                                                                 
  Metal4      0                                                                 
---------------                                                                 
        698                                                                     
                                                                                
                                                                                
[INFO DRT-0198] Complete detail routing.                                        
Total wire length = 32776 um.                                                   
Total wire length on LAYER Metal1 = 0 um.                                       
Total wire length on LAYER Metal2 = 19955 um.                                   
Total wire length on LAYER Metal3 = 9071 um.                                    
Total wire length on LAYER Metal4 = 3749 um.                                    
Total wire length on LAYER TopMetal1 = 0 um.                                    
Total number of vias = 698.                                                     
Up-via summary (total 698):                                                     
                                                                                
---------------                                                                 
 GatPoly      0                                                                 
  Metal1    291                                                                 
  Metal2    356                                                                 
  Metal3     51                                                                 
  Metal4      0                                                                 
---------------                                                                 
        698                                                                     
                                                                                
                                                                                
[INFO DRT-0267] cpu time = 00:00:01, elapsed time = 00:00:01, memory = 428.42   
(MB), peak = 428.15 (MB)                                                        
                                                                                
[INFO DRT-0180] Post processing.                                                
+ check_antennas                                                                
[INFO ANT-0002] Found 0 net violations.                                         
[INFO ANT-0001] Found 0 pin violations.                                         
Setting global connections for newly added cells…                               
[INFO] Setting global connections...                                            
memory.sram matched with memory.sram                                            
memory.sram matched with memory.sram                                            
[INFO ODB-0403] 0 connections made, 0 conflicts skipped.                        
Updating metrics…                                                               
Cell type report:                       Count       Area                        
  Macro                                     1   28127.10                        
  Antenna cell                              2      10.89                        
  Timing Repair Buffer                    105    1505.95                        
  Multi-Input combinational cell           73     535.25                        
  Total                                   181   30179.19                        
Writing OpenROAD database to                                                    
'/home/wayne/devel/jane/hardcaml_asic/experiments/sram_flow_feasibility/runs/att
empt-005-full/44-openroad-detailedrouting/tt_um_sram_probe.odb'…                
Writing netlist to                                                              
'/home/wayne/devel/jane/hardcaml_asic/experiments/sram_flow_feasibility/runs/att
empt-005-full/44-openroad-detailedrouting/tt_um_sram_probe.nl.v'…               
Writing powered netlist to                                                      
'/home/wayne/devel/jane/hardcaml_asic/experiments/sram_flow_feasibility/runs/att
empt-005-full/44-openroad-detailedrouting/tt_um_sram_probe.pnl.v'…              
Writing layout to                                                               
'/home/wayne/devel/jane/hardcaml_asic/experiments/sram_flow_feasibility/runs/att
empt-005-full/44-openroad-detailedrouting/tt_um_sram_probe.def'…                
Writing timing constraints to                                                   
'/home/wayne/devel/jane/hardcaml_asic/experiments/sram_flow_feasibility/runs/att
empt-005-full/44-openroad-detailedrouting/tt_um_sram_probe.sdc'…                
───────────────────────────── Remove Obstructions ──────────────────────────────
[19:34:15] VERBOSE  Running 'Odb.RemoveRoutingObstructions' at      step.py:1138
                    'experiments/sram_flow_feasibility/runs/attempt             
                    -005-full/45-odb-removeroutingobstructions'…                
[19:34:15] INFO     'ROUTING_OBSTRUCTIONS' is not defined. Skipping   odb.py:589
                    'Odb.RemoveRoutingObstructions'…                            
──────────────────────────────── Check Antennas ────────────────────────────────
[19:34:15] VERBOSE  Running 'OpenROAD.CheckAntennas-1' at           step.py:1138
                    'experiments/sram_flow_feasibility/runs/attempt             
                    -005-full/46-openroad-checkantennas-1'…                     
[19:34:15] VERBOSE  OpenROAD will use None threads               openroad.py:520
[19:34:15] VERBOSE  Logging subprocess to                           step.py:1338
                    'experiments/sram_flow_feasibility/runs/attempt             
                    -005-full/46-openroad-checkantennas-1/openroad-             
                    checkantennas-1.log'…                                       
[19:34:15] WARNING  [ORD-0032] Invalid thread number             openroad.py:321
                    specification: None.                                        
Reading timing models for corner nom_typ_1p20V_25C…                             
Reading timing library for the 'nom_typ_1p20V_25C' corner at                    
'/home/wayne/devel/jane/hardcaml_asic/.toolchain/pdk/ihp-sg13cmos5l/libs.ref/sg1
3cmos5l_stdcell/lib/sg13cmos5l_stdcell_typ_1p20V_25C.lib'…                      
Reading timing library for the 'nom_typ_1p20V_25C' corner at                    
'/home/wayne/devel/jane/hardcaml_asic/.toolchain/pdk/ihp-sg13cmos5l/libs.ref/sg1
3cmos5l_io/lib/sg13cmos5l_io_typ_1p2V_3p3V_25C.lib'…                            
Reading timing library for the 'nom_typ_1p20V_25C' corner at                    
'/home/wayne/devel/jane/hardcaml_asic/.toolchain/pdk/ihp-sg13cmos5l/libs.ref/sg1
3cmos5l_sram/lib/RM_IHPSG13_1P_256x16_c2_bm_bist_typ_1p20V_25C.lib'…            
Reading timing library for the 'nom_typ_1p20V_25C' corner at                    
'/home/wayne/devel/jane/hardcaml_asic/.toolchain/pdk/ihp-sg13cmos5l/libs.ref/sg1
3cmos5l_sram/lib/RM_IHPSG13_1P_256x16_c2_bm_bist_typ_1p20V_25C.lib'…            
[19:34:15] WARNING  [STA-1140]                                   openroad.py:321
                    /home/wayne/devel/jane/hardcaml_asic/.toolch                
                    ain/pdk/ihp-sg13cmos5l/libs.ref/sg13cmos5l_s                
                    ram/lib/RM_IHPSG13_1P_256x16_c2_bm_bist_typ_                
                    1p20V_25C.lib line 20, library                              
                    RM_IHPSG13_1P_256x16_c2_bm_bist_typ_1p20V_25                
                    C already exists.                                           
Reading OpenROAD database at                                                    
'/home/wayne/devel/jane/hardcaml_asic/experiments/sram_flow_feasibility/runs/att
empt-005-full/44-openroad-detailedrouting/tt_um_sram_probe.odb'…                
Reading design constraints file at                                              
'/home/wayne/devel/jane/hardcaml_asic/experiments/sram_flow_feasibility/constrai
nts.sdc'…                                                                       
[INFO] No information on clock propagation in input SDC file-- propagating all  
clocks.                                                                         
───────────────────────── Routing Design Rule Checker ──────────────────────────
[19:34:15] VERBOSE  Running 'Checker.TrDRC' at                      step.py:1138
                    'experiments/sram_flow_feasibility/runs/attempt             
                    -005-full/47-checker-trdrc'…                                
[19:34:15] INFO     Check for Routing DRC errors clear.           checker.py:131
─────────────────────────── Report Disconnected Pins ───────────────────────────
[19:34:15] VERBOSE  Running 'Odb.ReportDisconnectedPins' at         step.py:1138
                    'experiments/sram_flow_feasibility/runs/attempt             
                    -005-full/48-odb-reportdisconnectedpins'…                   
[19:34:15] VERBOSE  Logging subprocess to                           step.py:1338
                    'experiments/sram_flow_feasibility/runs/attempt             
                    -005-full/48-odb-reportdisconnectedpins/odb-rep             
                    ortdisconnectedpins.log'…                                   
Found 0 disconnected pin(s), of which 0 are critical.                           
────────────────────────── Disconnected Pins Checker ───────────────────────────
[19:34:16] VERBOSE  Running 'Checker.DisconnectedPins' at           step.py:1138
                    'experiments/sram_flow_feasibility/runs/attempt             
                    -005-full/49-checker-disconnectedpins'…                     
[19:34:16] INFO     Check for critical disconnected pins clear.   checker.py:131
────────────────────────────── Report Wire Length ──────────────────────────────
[19:34:16] VERBOSE  Running 'Odb.ReportWireLength' at               step.py:1138
                    'experiments/sram_flow_feasibility/runs/attempt             
                    -005-full/50-odb-reportwirelength'…                         
[19:34:16] VERBOSE  Logging subprocess to                           step.py:1338
                    'experiments/sram_flow_feasibility/runs/attempt             
                    -005-full/50-odb-reportwirelength/odb-reportwir             
                    elength.log'…                                               
──────────────────────── Wire Length Threshold Checker ─────────────────────────
[19:34:17] VERBOSE  Running 'Checker.WireLength' at                 step.py:1138
                    'experiments/sram_flow_feasibility/runs/attempt             
                    -005-full/51-checker-wirelength'…                           
[19:34:17] WARNING  Threshold for Threshold-surpassing long wires checker.py:108
                    is not set. The checker will be skipped.                    
──────────────────────────────── Fill Insertion ────────────────────────────────
[19:34:17] VERBOSE  Running 'OpenROAD.FillInsertion' at             step.py:1138
                    'experiments/sram_flow_feasibility/runs/attempt             
                    -005-full/52-openroad-fillinsertion'…                       
[19:34:17] VERBOSE  OpenROAD will use None threads               openroad.py:520
[19:34:17] VERBOSE  Logging subprocess to                           step.py:1338
                    'experiments/sram_flow_feasibility/runs/attempt             
                    -005-full/52-openroad-fillinsertion/openroad-fi             
                    llinsertion.log'…                                           
[19:34:17] WARNING  [ORD-0032] Invalid thread number             openroad.py:321
                    specification: None.                                        
Reading timing models for corner nom_typ_1p20V_25C…                             
Reading timing library for the 'nom_typ_1p20V_25C' corner at                    
'/home/wayne/devel/jane/hardcaml_asic/.toolchain/pdk/ihp-sg13cmos5l/libs.ref/sg1
3cmos5l_stdcell/lib/sg13cmos5l_stdcell_typ_1p20V_25C.lib'…                      
Reading timing library for the 'nom_typ_1p20V_25C' corner at                    
'/home/wayne/devel/jane/hardcaml_asic/.toolchain/pdk/ihp-sg13cmos5l/libs.ref/sg1
3cmos5l_io/lib/sg13cmos5l_io_typ_1p2V_3p3V_25C.lib'…                            
Reading timing library for the 'nom_typ_1p20V_25C' corner at                    
'/home/wayne/devel/jane/hardcaml_asic/.toolchain/pdk/ihp-sg13cmos5l/libs.ref/sg1
3cmos5l_sram/lib/RM_IHPSG13_1P_256x16_c2_bm_bist_typ_1p20V_25C.lib'…            
Reading timing library for the 'nom_typ_1p20V_25C' corner at                    
'/home/wayne/devel/jane/hardcaml_asic/.toolchain/pdk/ihp-sg13cmos5l/libs.ref/sg1
3cmos5l_sram/lib/RM_IHPSG13_1P_256x16_c2_bm_bist_typ_1p20V_25C.lib'…            
[19:34:17] WARNING  [STA-1140]                                   openroad.py:321
                    /home/wayne/devel/jane/hardcaml_asic/.toolch                
                    ain/pdk/ihp-sg13cmos5l/libs.ref/sg13cmos5l_s                
                    ram/lib/RM_IHPSG13_1P_256x16_c2_bm_bist_typ_                
                    1p20V_25C.lib line 20, library                              
                    RM_IHPSG13_1P_256x16_c2_bm_bist_typ_1p20V_25                
                    C already exists.                                           
Reading OpenROAD database at                                                    
'/home/wayne/devel/jane/hardcaml_asic/experiments/sram_flow_feasibility/runs/att
empt-005-full/48-odb-reportdisconnectedpins/tt_um_sram_probe.odb'…              
Reading design constraints file at                                              
'/home/wayne/devel/jane/hardcaml_asic/experiments/sram_flow_feasibility/constrai
nts.sdc'…                                                                       
[INFO] No information on clock propagation in input SDC file-- propagating all  
clocks.                                                                         
sg13cmos5l_decap_* sg13cmos5l_fill_1 sg13cmos5l_fill_2                          
[INFO DPL-0001] Placed 68577 filler instances.                                  
Setting global connections for newly added cells…                               
[INFO] Setting global connections...                                            
memory.sram matched with memory.sram                                            
memory.sram matched with memory.sram                                            
[INFO ODB-0403] 137154 connections made, 0 conflicts skipped.                   
Updating metrics…                                                               
Cell type report:                       Count       Area                        
  Macro                                     1   28127.10                        
  Fill cell                             68577  869396.98                        
  Antenna cell                              2      10.89                        
  Timing Repair Buffer                    105    1505.95                        
  Multi-Input combinational cell           73     535.25                        
  Total                                 68758  899576.17                        
Writing OpenROAD database to                                                    
'/home/wayne/devel/jane/hardcaml_asic/experiments/sram_flow_feasibility/runs/att
empt-005-full/52-openroad-fillinsertion/tt_um_sram_probe.odb'…                  
Writing netlist to                                                              
'/home/wayne/devel/jane/hardcaml_asic/experiments/sram_flow_feasibility/runs/att
empt-005-full/52-openroad-fillinsertion/tt_um_sram_probe.nl.v'…                 
Writing powered netlist to                                                      
'/home/wayne/devel/jane/hardcaml_asic/experiments/sram_flow_feasibility/runs/att
empt-005-full/52-openroad-fillinsertion/tt_um_sram_probe.pnl.v'…                
Writing layout to                                                               
'/home/wayne/devel/jane/hardcaml_asic/experiments/sram_flow_feasibility/runs/att
empt-005-full/52-openroad-fillinsertion/tt_um_sram_probe.def'…                  
Writing timing constraints to                                                   
'/home/wayne/devel/jane/hardcaml_asic/experiments/sram_flow_feasibility/runs/att
empt-005-full/52-openroad-fillinsertion/tt_um_sram_probe.sdc'…                  
──────────────────────── Generate Cell Frequency Tables ────────────────────────
[19:34:18] VERBOSE  Running 'Odb.CellFrequencyTables' at            step.py:1138
                    'experiments/sram_flow_feasibility/runs/attempt             
                    -005-full/53-odb-cellfrequencytables'…                      
[19:34:18] VERBOSE  Logging subprocess to                           step.py:1338
                    'experiments/sram_flow_feasibility/runs/attempt             
                    -005-full/53-odb-cellfrequencytables/buffer_lis             
                    t.txt'…                                                     
sg13cmos5l_buf_1                                                                
sg13cmos5l_buf_16                                                               
sg13cmos5l_buf_2                                                                
sg13cmos5l_buf_4                                                                
sg13cmos5l_buf_8                                                                
sg13cmos5l_dlygate4sd1_1                                                        
sg13cmos5l_dlygate4sd2_1                                                        
sg13cmos5l_dlygate4sd3_1                                                        
[19:34:18] VERBOSE  Logging subprocess to                           step.py:1338
                    'experiments/sram_flow_feasibility/runs/attempt             
                    -005-full/53-odb-cellfrequencytables/odb-cellfr             
                    equencytables.log'…                                         
                                Cells by Master                                 
┏━━━━━━━━━━━━━━━━━━━━━━━━━━━━━━━━━━━━━━━━━━━━━━━━━━━━━━━━━━━━━━━━┳━━━━━━━━━━━━━┓
┃ Cell                                                           ┃ Count       ┃
┡━━━━━━━━━━━━━━━━━━━━━━━━━━━━━━━━━━━━━━━━━━━━━━━━━━━━━━━━━━━━━━━━╇━━━━━━━━━━━━━┩
│ RM_IHPSG13_1P_256x16_c2_bm_bist                                │ 1           │
│ sg13cmos5l_and2_1                                              │ 2           │
│ sg13cmos5l_antennanp                                           │ 2           │
│ sg13cmos5l_buf_1                                               │ 18          │
│ sg13cmos5l_buf_4                                               │ 25          │
│ sg13cmos5l_decap_4                                             │ 55          │
│ sg13cmos5l_decap_8                                             │ 68391       │
│ sg13cmos5l_dlygate4sd3_1                                       │ 62          │
│ sg13cmos5l_fill_1                                              │ 54          │
│ sg13cmos5l_fill_2                                              │ 77          │
│ sg13cmos5l_nor2b_1                                             │ 1           │
│ sg13cmos5l_tiehi                                               │ 25          │
│ sg13cmos5l_tielo                                               │ 45          │
└────────────────────────────────────────────────────────────────┴─────────────┘
                               Cells by Function                                
┏━━━━━━━━━━━━━━━━━━━━━━━━━━━━━━━━━━━━━━━━━━━━━━━━━━━━━┳━━━━━━━━━━━━━━━━━━━━━━━━┓
┃ Cell Function                                       ┃ Count                  ┃
┡━━━━━━━━━━━━━━━━━━━━━━━━━━━━━━━━━━━━━━━━━━━━━━━━━━━━━╇━━━━━━━━━━━━━━━━━━━━━━━━┩
└─────────────────────────────────────────────────────┴────────────────────────┘
                                  Cells by SCL                                  
┏━━━━━━━━━━━━━━━━━━━━━━━━━━━━━━━━━┳━━━━━━━━━━━━━━━━━━━━━━━━━━━━━━━━━━━━━━━━━━━━┓
┃ SCL                             ┃ Count                                      ┃
┡━━━━━━━━━━━━━━━━━━━━━━━━━━━━━━━━━╇━━━━━━━━━━━━━━━━━━━━━━━━━━━━━━━━━━━━━━━━━━━━┩
└─────────────────────────────────┴────────────────────────────────────────────┘
                             Buffers by Cell Master                             
┏━━━━━━━━━━━━━━━━━━━━━━━━━━━━━━━━━━━━━━━━━━━━━━━━━━━━━━━━━━━━━┳━━━━━━━━━━━━━━━━┓
┃ Buffer                                                      ┃ Count          ┃
┡━━━━━━━━━━━━━━━━━━━━━━━━━━━━━━━━━━━━━━━━━━━━━━━━━━━━━━━━━━━━━╇━━━━━━━━━━━━━━━━┩
│ sg13cmos5l_buf_1                                            │ 18             │
│ sg13cmos5l_buf_4                                            │ 25             │
│ sg13cmos5l_dlygate4sd3_1                                    │ 62             │
└─────────────────────────────────────────────────────────────┴────────────────┘
───────────────── Parasitic Resistance/Capacitance Extraction ──────────────────
[19:34:19] VERBOSE  Running 'OpenROAD.RCX' at                       step.py:1138
                    'experiments/sram_flow_feasibility/runs/attempt             
                    -005-full/54-openroad-rcx'…                                 
[19:34:19] INFO     Running RCX for corners matching nom_*      openroad.py:2190
                    (/home/wayne/devel/jane/hardcaml_asic/exper                 
                    iments/sram_flow_feasibility/runs/attempt-0                 
                    05-full/54-openroad-rcx/nom/rcx.log)…                       
[19:34:19] VERBOSE  OpenROAD will use None threads               openroad.py:520
[19:34:19] VERBOSE  Logging subprocess to                           step.py:1338
                    'experiments/sram_flow_feasibility/runs/attempt             
                    -005-full/54-openroad-rcx/nom/rcx.log'…                     
[19:34:19] WARNING  [ORD-0032] Invalid thread number             openroad.py:321
                    specification: None.                                        
[19:34:20] INFO     Finished RCX for corners matching nom_*.    openroad.py:2199
────────────────────── Static Timing Analysis (Post-PnR) ───────────────────────
[19:34:20] VERBOSE  Running 'OpenROAD.STAPostPNR' at                step.py:1138
                    'experiments/sram_flow_feasibility/runs/attempt             
                    -005-full/55-openroad-stapostpnr'…                          
[19:34:20] WARNING  Netlists found for macro                      toolbox.py:268
                    RM_IHPSG13_1P_256x16_c2_bm_bist, but no                     
                    parasitics extraction found at corner                       
                    nom_fast_1p32V_m40C. The netlist cannot be                  
                    used for timing on this module.                             
[19:34:20] INFO     Starting STA for the nom_fast_1p32V_m40C     openroad.py:759
                    timing corner…                                              
[19:34:20] WARNING  Netlists found for macro                      toolbox.py:268
                    RM_IHPSG13_1P_256x16_c2_bm_bist, but no                     
                    parasitics extraction found at corner                       
                    nom_slow_1p08V_125C. The netlist cannot be                  
                    used for timing on this module.                             
[19:34:20] INFO     Starting STA for the nom_slow_1p08V_125C     openroad.py:759
                    timing corner…                                              
[19:34:20] WARNING  Netlists found for macro                      toolbox.py:268
                    RM_IHPSG13_1P_256x16_c2_bm_bist, but no                     
                    parasitics extraction found at corner                       
                    nom_typ_1p20V_25C. The netlist cannot be used               
                    for timing on this module.                                  
[19:34:20] INFO     Starting STA for the nom_typ_1p20V_25C       openroad.py:759
                    timing corner…                                              
[19:34:20] VERBOSE  Logging subprocess to                           step.py:1338
                    'experiments/sram_flow_feasibility/runs/attempt             
                    -005-full/55-openroad-stapostpnr/nom_fast_1p32V             
                    _m40C/sta.log'…                                             
[19:34:20] VERBOSE  Logging subprocess to                           step.py:1338
                    'experiments/sram_flow_feasibility/runs/attempt             
                    -005-full/55-openroad-stapostpnr/nom_slow_1p08V             
                    _125C/sta.log'…                                             
[19:34:20] VERBOSE  Logging subprocess to                           step.py:1338
                    'experiments/sram_flow_feasibility/runs/attempt             
                    -005-full/55-openroad-stapostpnr/nom_typ_1p20V_             
                    25C/sta.log'…                                               
[19:34:20] INFO     Finished STA for the nom_typ_1p20V_25C       openroad.py:774
                    timing corner.                                              
[19:34:20] INFO     Finished STA for the nom_slow_1p08V_125C     openroad.py:774
                    timing corner.                                              
[19:34:20] INFO     Finished STA for the nom_fast_1p32V_m40C     openroad.py:774
                    timing corner.                                              
[19:34:20] VERBOSE  Logging subprocess to                           step.py:1338
                    'experiments/sram_flow_feasibility/runs/attempt             
                    -005-full/55-openroad-stapostpnr/nom_typ_1p20V_             
                    25C/filter_unannotated.log'…                                
[19:34:20] VERBOSE  Logging subprocess to                           step.py:1338
                    'experiments/sram_flow_feasibility/runs/attempt             
                    -005-full/55-openroad-stapostpnr/nom_slow_1p08V             
                    _125C/filter_unannotated.log'…                              
[19:34:20] VERBOSE  Logging subprocess to                           step.py:1338
                    'experiments/sram_flow_feasibility/runs/attempt             
                    -005-full/55-openroad-stapostpnr/nom_fast_1p32V             
                    _m40C/filter_unannotated.log'…                              
┏━━━━━━━━━━━━━━━━━━━━━━┳━━━━┳━━━━┳━━━━┳━━━━┳━━━━┳━━━┳━━━━┳━━━┳━━━━┳━━━┳━━━━┳━━━┓
┃                      ┃    ┃    ┃    ┃    ┃ of ┃   ┃    ┃   ┃    ┃ … ┃    ┃   ┃
┃                      ┃    ┃ R… ┃    ┃    ┃ w… ┃   ┃ R… ┃   ┃    ┃ … ┃    ┃   ┃
┃                      ┃ H… ┃ to ┃    ┃ H… ┃ r… ┃ … ┃ to ┃   ┃ S… ┃ … ┃ M… ┃ … ┃
┃                      ┃ W… ┃ R… ┃ H… ┃ V… ┃ to ┃ … ┃ R… ┃ … ┃ V… ┃ … ┃ C… ┃ … ┃
┃ Corner/Group         ┃ S… ┃ P… ┃ T… ┃ C… ┃ r… ┃ … ┃ P… ┃ … ┃ C… ┃ … ┃ V… ┃ … ┃
┡━━━━━━━━━━━━━━━━━━━━━━╇━━━━╇━━━━╇━━━━╇━━━━╇━━━━╇━━━╇━━━━╇━━━╇━━━━╇━━━╇━━━━╇━━━┩
│ Overall              │ 0… │ N… │ 0… │ 0  │ 0  │ … │ N… │ … │ 0  │ 0 │ 12 │ 8 │
│ nom_fast_1p32V_m40C  │ 0… │ N… │ 0… │ 0  │ 0  │ … │ N… │ … │ 0  │ 0 │ 12 │ 0 │
│ nom_slow_1p08V_125C  │ 1… │ N… │ 0… │ 0  │ 0  │ … │ N… │ … │ 0  │ 0 │ 12 │ 8 │
│ nom_typ_1p20V_25C    │ 0… │ N… │ 0… │ 0  │ 0  │ … │ N… │ … │ 0  │ 0 │ 12 │ 5 │
└──────────────────────┴────┴────┴────┴────┴────┴───┴────┴───┴────┴───┴────┴───┘
─────────────────────────── Generate IR Drop Report ────────────────────────────
[19:34:21] VERBOSE  Running 'OpenROAD.IRDropReport' at              step.py:1138
                    'experiments/sram_flow_feasibility/runs/attempt             
                    -005-full/56-openroad-irdropreport'…                        
[19:34:21] WARNING  'VSRC_LOC_FILES' was not given a value,     openroad.py:2291
                    which may make the results of IR drop                       
                    analysis inaccurate. If you are not                         
                    integrating a top-level chip for                            
                    manufacture, you may ignore this warning,                   
                    otherwise, see the documentation for                        
                    'VSRC_LOC_FILES'.                                           
[19:34:21] VERBOSE  OpenROAD will use None threads               openroad.py:520
[19:34:21] VERBOSE  Logging subprocess to                           step.py:1338
                    'experiments/sram_flow_feasibility/runs/attempt             
                    -005-full/56-openroad-irdropreport/openroad-ird             
                    ropreport.log'…                                             
[19:34:21] WARNING  [ORD-0032] Invalid thread number             openroad.py:321
                    specification: None.                                        
Reading timing models for corner nom_typ_1p20V_25C…                             
Reading timing library for the 'nom_typ_1p20V_25C' corner at                    
'/home/wayne/devel/jane/hardcaml_asic/.toolchain/pdk/ihp-sg13cmos5l/libs.ref/sg1
3cmos5l_stdcell/lib/sg13cmos5l_stdcell_typ_1p20V_25C.lib'…                      
Reading timing library for the 'nom_typ_1p20V_25C' corner at                    
'/home/wayne/devel/jane/hardcaml_asic/.toolchain/pdk/ihp-sg13cmos5l/libs.ref/sg1
3cmos5l_io/lib/sg13cmos5l_io_typ_1p2V_3p3V_25C.lib'…                            
Reading timing library for the 'nom_typ_1p20V_25C' corner at                    
'/home/wayne/devel/jane/hardcaml_asic/.toolchain/pdk/ihp-sg13cmos5l/libs.ref/sg1
3cmos5l_sram/lib/RM_IHPSG13_1P_256x16_c2_bm_bist_typ_1p20V_25C.lib'…            
Reading timing library for the 'nom_typ_1p20V_25C' corner at                    
'/home/wayne/devel/jane/hardcaml_asic/.toolchain/pdk/ihp-sg13cmos5l/libs.ref/sg1
3cmos5l_sram/lib/RM_IHPSG13_1P_256x16_c2_bm_bist_typ_1p20V_25C.lib'…            
[19:34:21] WARNING  [STA-1140]                                   openroad.py:321
                    /home/wayne/devel/jane/hardcaml_asic/.toolch                
                    ain/pdk/ihp-sg13cmos5l/libs.ref/sg13cmos5l_s                
                    ram/lib/RM_IHPSG13_1P_256x16_c2_bm_bist_typ_                
                    1p20V_25C.lib line 20, library                              
                    RM_IHPSG13_1P_256x16_c2_bm_bist_typ_1p20V_25                
                    C already exists.                                           
Reading OpenROAD database at                                                    
'/home/wayne/devel/jane/hardcaml_asic/experiments/sram_flow_feasibility/runs/att
empt-005-full/53-odb-cellfrequencytables/tt_um_sram_probe.odb'…                 
Reading design constraints file at                                              
'/home/wayne/devel/jane/hardcaml_asic/experiments/sram_flow_feasibility/constrai
nts.sdc'…                                                                       
[INFO] No information on clock propagation in input SDC file-- propagating all  
clocks.                                                                         
[INFO] Using voltage extracted from lib (1.2V) for power nets and 0V for ground 
nets…                                                                           
[19:34:56] VERBOSE  + analyze_power_grid -net VPWR              openroad.py:2303
                    -voltage_file                                               
                    /home/wayne/devel/jane/hardcaml_asic/experi                 
                    ments/sram_flow_feasibility/runs/attempt-00                 
                    5-full/56-openroad-irdropreport/net-VPWR.cs                 
                    v                                                           
                    [INFO PSM-0040] All shapes on net VPWR are                  
                    connected.                                                  
                    ########## IR report #################                      
                    Net              : VPWR                                     
                    Corner           : nom_typ_1p20V_25C                        
                    Total power      : 1.28e-04 W                               
                    Supply voltage   : 1.20e+00 V                               
                    Worstcase voltage: 1.20e+00 V                               
                    Average voltage  : 1.20e+00 V                               
                    Average IR drop  : 1.89e-05 V                               
                    Worstcase IR drop: 1.19e-04 V                               
                    Percentage drop  : 0.01 %                                   
                    ######################################                      
                    + analyze_power_grid -net VGND                              
                    -voltage_file                                               
                    /home/wayne/devel/jane/hardcaml_asic/experi                 
                    ments/sram_flow_feasibility/runs/attempt-00                 
                    5-full/56-openroad-irdropreport/net-VGND.cs                 
                    v                                                           
                    [INFO PSM-0040] All shapes on net VGND are                  
                    connected.                                                  
                    ########## IR report #################                      
                    Net              : VGND                                     
                    Corner           : nom_typ_1p20V_25C                        
                    Total power      : 1.28e-04 W                               
                    Supply voltage   : 0.00e+00 V                               
                    Worstcase voltage: 4.99e-04 V                               
                    Average voltage  : 1.87e-05 V                               
                    Average IR drop  : 1.87e-05 V                               
                    Worstcase IR drop: 4.99e-04 V                               
                    Percentage drop  : 0.04 %                                   
                    ######################################                      
                                                                                
─────────────────────────── GDSII Stream Out (Magic) ───────────────────────────
[19:34:56] VERBOSE  Running 'Magic.StreamOut' at                    step.py:1138
                    'experiments/sram_flow_feasibility/runs/attempt             
                    -005-full/57-magic-streamout'…                              
[19:34:56] VERBOSE  Logging subprocess to                           step.py:1338
                    'experiments/sram_flow_feasibility/runs/attempt             
                    -005-full/57-magic-streamout/magic-streamout.lo             
                    g'…                                                         
                                                                                
Magic 8.3 revision 674 - Compiled on Sat Jul 11 12:11:55 UTC 2026.              
Starting magic under Tcl interpreter                                            
Using the terminal as the console.                                              
Using NULL graphics device.                                                     
Processing system .magicrc file                                                 
Switching to WIRING tool.                                                       
Switching to NETLIST tool.                                                      
Switching to PICK tool.                                                         
Switching to BOX tool.                                                          
Sourcing design .magicrc for technology ihp-sg13cmos5l ...                      
2 Magic internal units = 1 Lambda                                               
Input style sg13cmos5l(): scaleFactor=2, multiplier=2                           
The following types are not handled by extraction and will be treated as        
non-electrical types:                                                           
    pblock pbase sealcont difffill sealvia1 sealvia2 sealvia3 sealvia4 seal     
glass thruvia inductor                                                          
Scaled tech values by 2 / 1 to match internal grid scaling                      
Loading ihp-sg13cmos5l Device Generator Menu ...                                
Loading                                                                         
"/nix/store/6a08ghhhzl5a07nr0ly762yh1ah6m5bj-python3-3.13.13-env/lib/python3.13/
site-packages/librelane/scripts/magic/wrapper.tcl" from command line.           
> gds read                                                                      
/home/wayne/devel/jane/hardcaml_asic/.toolchain/pdk/ihp-sg13cmos5l/libs.ref/sg13
cmos5l_stdcell/gds/sg13cmos5l_stdcell.gds                                       
Warning: Calma reading is not undoable!  I hope that's OK.                      
Library written using GDS-II Release 6.0                                        
Library name: LIB                                                               
Reading "sg13cmos5l_xor2_1".                                                    
Reading "sg13cmos5l_xnor2_1".                                                   
Reading "sg13cmos5l_tielo".                                                     
Reading "sg13cmos5l_tiehi".                                                     
CIF file read warning: CIF style sg13cmos5l(): units rescaled by factor of 5 / 1
Reading "sg13cmos5l_slgcp_1".                                                   
Reading "sg13cmos5l_sighold".                                                   
Reading "sg13cmos5l_sdfrbpq_2".                                                 
Reading "sg13cmos5l_sdfrbpq_1".                                                 
Reading "sg13cmos5l_sdfrbp_2".                                                  
Reading "sg13cmos5l_sdfrbp_1".                                                  
Reading "sg13cmos5l_sdfbbp_1".                                                  
Reading "sg13cmos5l_or4_2".                                                     
Reading "sg13cmos5l_or4_1".                                                     
Reading "sg13cmos5l_or3_2".                                                     
Reading "sg13cmos5l_or3_1".                                                     
Reading "sg13cmos5l_or2_2".                                                     
Reading "sg13cmos5l_or2_1".                                                     
Reading "sg13cmos5l_o21ai_1".                                                   
Reading "sg13cmos5l_nor4_2".                                                    
Reading "sg13cmos5l_nor4_1".                                                    
Reading "sg13cmos5l_nor3_2".                                                    
Reading "sg13cmos5l_nor3_1".                                                    
Reading "sg13cmos5l_nor2b_2".                                                   
Reading "sg13cmos5l_nor2b_1".                                                   
Reading "sg13cmos5l_nor2_2".                                                    
Reading "sg13cmos5l_nor2_1".                                                    
Reading "sg13cmos5l_nand4_1".                                                   
Reading "sg13cmos5l_nand3b_1".                                                  
Reading "sg13cmos5l_nand3_1".                                                   
Reading "sg13cmos5l_nand2b_2".                                                  
Reading "sg13cmos5l_nand2b_1".                                                  
Reading "sg13cmos5l_nand2_2".                                                   
Reading "sg13cmos5l_nand2_1".                                                   
Reading "sg13cmos5l_mux4_1".                                                    
Reading "sg13cmos5l_mux2_2".                                                    
Reading "sg13cmos5l_mux2_1".                                                    
Reading "sg13cmos5l_lgcp_1".                                                    
Reading "sg13cmos5l_inv_8".                                                     
Reading "sg13cmos5l_inv_4".                                                     
Reading "sg13cmos5l_inv_2".                                                     
Reading "sg13cmos5l_inv_16".                                                    
Reading "sg13cmos5l_inv_1".                                                     
Reading "sg13cmos5l_fill_8".                                                    
Reading "sg13cmos5l_fill_4".                                                    
Reading "sg13cmos5l_fill_2".                                                    
Reading "sg13cmos5l_fill_1".                                                    
Reading "sg13cmos5l_einvn_8".                                                   
Reading "sg13cmos5l_einvn_4".                                                   
Reading "sg13cmos5l_einvn_2".                                                   
Reading "sg13cmos5l_ebufn_8".                                                   
Reading "sg13cmos5l_ebufn_4".                                                   
Reading "sg13cmos5l_ebufn_2".                                                   
Reading "sg13cmos5l_dlygate4sd3_1".                                             
Reading "sg13cmos5l_dlygate4sd2_1".                                             
Reading "sg13cmos5l_dlygate4sd1_1".                                             
Reading "sg13cmos5l_dllrq_1".                                                   
Reading "sg13cmos5l_dllr_1".                                                    
Reading "sg13cmos5l_dlhrq_1".                                                   
Reading "sg13cmos5l_dlhr_1".                                                    
Reading "sg13cmos5l_dlhq_1".                                                    
Reading "sg13cmos5l_dfrbpq_2".                                                  
Reading "sg13cmos5l_dfrbpq_1".                                                  
Reading "sg13cmos5l_dfrbp_2".                                                   
Reading "sg13cmos5l_dfrbp_1".                                                   
Reading "sg13cmos5l_decap_8".                                                   
Reading "sg13cmos5l_decap_4".                                                   
Reading "sg13cmos5l_buf_8".                                                     
Reading "sg13cmos5l_buf_4".                                                     
Reading "sg13cmos5l_buf_2".                                                     
Reading "sg13cmos5l_buf_16".                                                    
Reading "sg13cmos5l_buf_1".                                                     
Reading "sg13cmos5l_antennanp".                                                 
Reading "sg13cmos5l_and4_2".                                                    
Reading "sg13cmos5l_and4_1".                                                    
Reading "sg13cmos5l_and3_2".                                                    
Reading "sg13cmos5l_and3_1".                                                    
Reading "sg13cmos5l_and2_2".                                                    
Reading "sg13cmos5l_and2_1".                                                    
Reading "sg13cmos5l_a22oi_1".                                                   
Reading "sg13cmos5l_a221oi_1".                                                  
Reading "sg13cmos5l_a21oi_2".                                                   
Reading "sg13cmos5l_a21oi_1".                                                   
Reading "sg13cmos5l_a21o_2".                                                    
Reading "sg13cmos5l_a21o_1".                                                    
> lef read                                                                      
/home/wayne/devel/jane/hardcaml_asic/.toolchain/pdk/ihp-sg13cmos5l/libs.ref/sg13
cmos5l_stdcell/lef/sg13cmos5l_stdcell.lef                                       
Reading LEF data from file                                                      
/home/wayne/devel/jane/hardcaml_asic/.toolchain/pdk/ihp-sg13cmos5l/libs.ref/sg13
cmos5l_stdcell/lef/sg13cmos5l_stdcell.lef.                                      
This action cannot be undone.                                                   
LEF read, Line 6473 (Message): Unknown keyword "ANTENNAMAXCUTCAR" in LEF file;  
ignoring.                                                                       
LEF read: Processed 7927 lines.                                                 
> gds read                                                                      
/home/wayne/devel/jane/hardcaml_asic/.toolchain/pdk/ihp-sg13cmos5l/libs.ref/sg13
cmos5l_sram/gds/RM_IHPSG13_1P_256x16_c2_bm_bist.gds                             
Warning: Calma reading is not undoable!  I hope that's OK.                      
Library written using GDS-II Release 6.0                                        
Library name: LIB                                                               
Reading "VIA_M1_Activ_db_0x02835b9b".                                           
Reading "M1_GatPoly_CDNS_7564811192548".                                        
Saving contents of cell M1_GatPoly_CDNS_7564811192548                           
Reading "RM_IHPSG13_1P_BITKIT_CELL_SUB".                                        
Reading "lvsres_db_0x02834b9a".                                                 
Reading "lvsres_db_0x0283509a".                                                 
Reading "RM_IHPSG13_1P_BITKIT_CELL".                                            
Reading "RM_IHPSG13_1P_BITKIT_CELL_2x1".                                        
Reading "RM_IHPSG13_1P_BITKIT_TAP".                                             
Reading "RM_IHPSG13_1P_BITKIT_16x2_EDGE_TB".                                    
Reading "RM_IHPSG13_1P_BITKIT_16x2_SRAM".                                       
Reading "viagen34_CDNS_7564811192549".                                          
Saving contents of cell viagen34_CDNS_7564811192549                             
Reading "RM_IHPSG13_1P_BITKIT_CELL_CORNER".                                     
Reading "RM_IHPSG13_1P_BITKIT_EDGE_LR".                                         
Reading "lvsres_db_0x04007e9a".                                                 
Reading "viagen23_CDNS_7564811192547".                                          
Saving contents of cell viagen23_CDNS_7564811192547                             
Reading "lvsres_db_0x0400b71a".                                                 
Reading "RSC_IHPSG13_NOR3X2".                                                   
Reading "RSC_IHPSG13_LHPQX2".                                                   
Reading "RSC_IHPSG13_NAND3X2".                                                  
Reading "M3_M2_CDNS_7564811192546".                                             
Saving contents of cell M3_M2_CDNS_7564811192546                                
Reading "RSC_IHPSG13_NAND2X2".                                                  
Reading "RSC_IHPSG13_FILLCAP8".                                                 
Reading "M3_M2_CDNS_7564811192539".                                             
Saving contents of cell M3_M2_CDNS_7564811192539                                
Reading "RSC_IHPSG13_FILL2".                                                    
Reading "M3_M2_CDNS_7564811192536".                                             
Saving contents of cell M3_M2_CDNS_7564811192536                                
Reading "viagen34_CDNS_7564811192535".                                          
Saving contents of cell viagen34_CDNS_7564811192535                             
Reading "viagen34_CDNS_7564811192534".                                          
Saving contents of cell viagen34_CDNS_7564811192534                             
Reading "viagen23_CDNS_7564811192532".                                          
Saving contents of cell viagen23_CDNS_7564811192532                             
Reading "RSC_IHPSG13_FILL1".                                                    
Reading "RSC_IHPSG13_INVX4".                                                    
Reading "RSC_IHPSG13_INVX2".                                                    
Reading "viagen12_CDNS_7564811192529".                                          
Saving contents of cell viagen12_CDNS_7564811192529                             
Reading "viagen23_CDNS_7564811192528".                                          
Saving contents of cell viagen23_CDNS_7564811192528                             
Reading "viagen12_CDNS_7564811192527".                                          
Saving contents of cell viagen12_CDNS_7564811192527                             
Reading "viagen12_CDNS_7564811192526".                                          
Saving contents of cell viagen12_CDNS_7564811192526                             
Reading "viagen23_CDNS_7564811192525".                                          
Saving contents of cell viagen23_CDNS_7564811192525                             
Reading "viagen23_CDNS_7564811192524".                                          
Saving contents of cell viagen23_CDNS_7564811192524                             
Reading "M2_M1_CDNS_7564811192523".                                             
Saving contents of cell M2_M1_CDNS_7564811192523                                
Reading "viagen12_CDNS_7564811192522".                                          
Saving contents of cell viagen12_CDNS_7564811192522                             
Reading "viagen12_CDNS_7564811192521".                                          
Saving contents of cell viagen12_CDNS_7564811192521                             
Reading "viagen23_CDNS_7564811192520".                                          
Saving contents of cell viagen23_CDNS_7564811192520                             
Reading "RSC_IHPSG13_DFPQD_MSAFFX2N_half".                                      
Reading "RSC_IHPSG13_CINVX2".                                                   
Reading "RSC_IHPSG13_FILLCAP4".                                                 
Reading "M2_M1_CDNS_7564811192518".                                             
Saving contents of cell M2_M1_CDNS_7564811192518                                
Reading "M2_M1_CDNS_7564811192511".                                             
Saving contents of cell M2_M1_CDNS_7564811192511                                
Reading "RM_IHPSG13_1P_COLUMN_64".                                              
Reading "RM_IHPSG13_1P_BITKIT_16x2_CORNER".                                     
Reading "RM_IHPSG13_1P_BITKIT_16x2_LE_con_corner".                              
Reading "RM_IHPSG13_1P_BITKIT_16x2_POWER_ramblk".                               
Reading "RM_IHPSG13_1P_BITKIT_16x2_EDGE_LR".                                    
Reading "RM_IHPSG13_1P_BITKIT_16x2_LE_con_edge_lr".                             
Reading "RSC_IHPSG13_CDLYX1_DUMMY".                                             
Reading "RM_IHPSG13_1P_ROWREG0".                                                
Reading "RM_IHPSG13_1P_DEC00".                                                  
Reading "RM_IHPSG13_1P_DEC04".                                                  
Reading "RM_IHPSG13_1P_DEC_LE_l1empty".                                         
Reading "RM_IHPSG13_1P_DEC01".                                                  
Reading "RM_IHPSG13_1P_DEC_LE_l0wire".                                          
Reading "RM_IHPSG13_1P_DEC03".                                                  
Reading "RM_IHPSG13_1P_DEC_LE_l2empty".                                         
Reading "RM_IHPSG13_1P_DEC02".                                                  
Reading "RM_IHPSG13_1P_DEC_LE_tap".                                             
Reading "RM_IHPSG13_1P_ROWDEC0".                                                
Reading "RSC_IHPSG13_WLDRVX4".                                                  
Reading "viagen12_CDNS_7564811192545".                                          
Saving contents of cell viagen12_CDNS_7564811192545                             
Reading "M2_M1_CDNS_7564811192544".                                             
Saving contents of cell M2_M1_CDNS_7564811192544                                
Reading "M3_M2_CDNS_7564811192543".                                             
Saving contents of cell M3_M2_CDNS_7564811192543                                
Reading "M3_M2_CDNS_7564811192542".                                             
Saving contents of cell M3_M2_CDNS_7564811192542                                
Reading "RSC_IHPSG13_CBUFX4".                                                   
Reading "M3_M2_CDNS_7564811192541".                                             
Saving contents of cell M3_M2_CDNS_7564811192541                                
Reading "viagen23_CDNS_7564811192540".                                          
Saving contents of cell viagen23_CDNS_7564811192540                             
Reading "RSC_IHPSG13_CDLYX1".                                                   
Reading "RSC_IHPSG13_MX2IX1".                                                   
Reading "RSC_IHPSG13_CBUFX8".                                                   
Reading "RSC_IHPSG13_TIEL".                                                     
Reading "RSC_IHPSG13_OA12X1".                                                   
Reading "RSC_IHPSG13_CNAND2X2".                                                 
Reading "RSC_IHPSG13_DFNQX2".                                                   
Reading "RSC_IHPSG13_XOR2X2".                                                   
Reading "RSC_IHPSG13_CINVX4".                                                   
Reading "RSC_IHPSG13_CGATEPX4".                                                 
Reading "RSC_IHPSG13_MX2X2".                                                    
Reading "RSC_IHPSG13_CDLYX2".                                                   
Reading "RSC_IHPSG13_CINVX8".                                                   
Reading "viagen12_CDNS_7564811192538".                                          
Saving contents of cell viagen12_CDNS_7564811192538                             
Reading "viagen12_CDNS_7564811192537".                                          
Saving contents of cell viagen12_CDNS_7564811192537                             
Reading "M3_M2_CDNS_7564811192533".                                             
Saving contents of cell M3_M2_CDNS_7564811192533                                
Reading "M3_M2_CDNS_7564811192531".                                             
Saving contents of cell M3_M2_CDNS_7564811192531                                
Reading "viagen23_CDNS_7564811192530".                                          
Saving contents of cell viagen23_CDNS_7564811192530                             
Reading "RSC_IHPSG13_CBUFX2".                                                   
Reading "RSC_IHPSG13_TIEH".                                                     
Reading "RM_IHPSG13_1P_BLDRV".                                                  
Reading "RSC_IHPSG13_CINVX4_WN".                                                
Reading "RSC_IHPSG13_NOR2X2".                                                   
Reading "lvsres_db_0x0283151a".                                                 
Reading "RSC_IHPSG13_DFPQD_MSAFFX2N".                                           
Reading "RSC_IHPSG13_AND2X2".                                                   
Reading "RSC_IHPSG13_DFNQMX2IX1".                                               
Reading "viagen12_CDNS_7564811192519".                                          
Saving contents of cell viagen12_CDNS_7564811192519                             
Reading "M3_M2_CDNS_7564811192517".                                             
Saving contents of cell M3_M2_CDNS_7564811192517                                
Reading "viagen23_CDNS_7564811192516".                                          
Saving contents of cell viagen23_CDNS_7564811192516                             
Reading "viagen23_CDNS_7564811192515".                                          
Saving contents of cell viagen23_CDNS_7564811192515                             
Reading "M3_M2_CDNS_7564811192514".                                             
Saving contents of cell M3_M2_CDNS_7564811192514                                
Reading "M3_M2_CDNS_7564811192513".                                             
Saving contents of cell M3_M2_CDNS_7564811192513                                
Reading "M2_M1_CDNS_7564811192512".                                             
Saving contents of cell M2_M1_CDNS_7564811192512                                
Reading "M3_M2_CDNS_7564811192510".                                             
Saving contents of cell M3_M2_CDNS_7564811192510                                
Reading "viagen34_CDNS_756481119259".                                           
Saving contents of cell viagen34_CDNS_756481119259                              
Reading "viagen23_CDNS_756481119258".                                           
Saving contents of cell viagen23_CDNS_756481119258                              
Reading "M2_M1_CDNS_756481119257".                                              
Saving contents of cell M2_M1_CDNS_756481119257                                 
Reading "M3_M2_CDNS_756481119256".                                              
Saving contents of cell M3_M2_CDNS_756481119256                                 
Reading "M3_M2_CDNS_756481119255".                                              
Saving contents of cell M3_M2_CDNS_756481119255                                 
Reading "viagen23_CDNS_756481119254".                                           
Saving contents of cell viagen23_CDNS_756481119254                              
Reading "M2_M1_CDNS_756481119253".                                              
Saving contents of cell M2_M1_CDNS_756481119253                                 
Reading "M2_M1_CDNS_756481119252".                                              
Saving contents of cell M2_M1_CDNS_756481119252                                 
Reading "M2_M1_CDNS_756481119251".                                              
Saving contents of cell M2_M1_CDNS_756481119251                                 
Reading "viagen12_CDNS_756481119250".                                           
Saving contents of cell viagen12_CDNS_756481119250                              
Reading "RM_IHPSG13_1P_MATRIX_64x32".                                           
Reading "RM_IHPSG13_1P_DLY_0".                                                  
Reading "RM_IHPSG13_1P_DLY_1".                                                  
Reading "RM_IHPSG13_1P_ROWREG6".                                                
Reading "RM_IHPSG13_1P_ROWDEC6".                                                
Reading "RM_IHPSG13_1P_WLDRV16X4_tap".                                          
Reading "RM_IHPSG13_1P_WLDRV16X4".                                              
Reading "RM_IHPSG13_1P_COLDRV13_FILL1".                                         
Reading "RM_IHPSG13_1P_COLDRV13X4".                                             
Reading "RM_IHPSG13_1P_DLY_MUX".                                                
Reading "RM_IHPSG13_1P_COLDEC2".                                                
Reading "RM_IHPSG13_1P_CTRL".                                                   
Reading "RM_IHPSG13_1P_COLDRV13_FILL4C2".                                       
Reading "RM_IHPSG13_1P_COLDRV13_FILL1C2".                                       
Reading "RM_IHPSG13_1P_COLDRV13_FILL4".                                         
Reading "RM_IHPSG13_1P_COLCTRL2".                                               
Reading "RM_IHPSG13_1P_COLCTRL2_end".                                           
Reading "RM_IHPSG13_1P_256x16_c2_bm_bist".                                      
> lef read                                                                      
/home/wayne/devel/jane/hardcaml_asic/.toolchain/pdk/ihp-sg13cmos5l/libs.ref/sg13
cmos5l_sram/lef/RM_IHPSG13_1P_256x16_c2_bm_bist.lef                             
Reading LEF data from file                                                      
/home/wayne/devel/jane/hardcaml_asic/.toolchain/pdk/ihp-sg13cmos5l/libs.ref/sg13
cmos5l_sram/lef/RM_IHPSG13_1P_256x16_c2_bm_bist.lef.                            
This action cannot be undone.                                                   
LEF read, Line 1468 (Message): Unknown keyword "ANTENNAMAXCUTCAR" in LEF file;  
ignoring.                                                                       
LEF read: Processed 2412 lines.                                                 
> gds read                                                                      
/home/wayne/devel/jane/hardcaml_asic/.toolchain/pdk/ihp-sg13cmos5l/libs.ref/sg13
cmos5l_io/gds/sg13cmos5l_io.gds                                                 
Warning: Calma reading is not undoable!  I hope that's OK.                      
Library written using GDS-II Release 5.0                                        
Library name: sg13cmos5l_io                                                     
Reading "sg13cmos5l_DCPDiode".                                                  
Reading "sg13cmos5l_DCNDiode".                                                  
Reading "sg13cmos5l_IOPadIOVss".                                                
Reading "sg13cmos5l_SecondaryProtection".                                       
Reading "sg13cmos5l_LevelDown".                                                 
Reading "sg13cmos5l_IOPadIn".                                                   
Reading "sg13cmos5l_Filler10000".                                               
Reading "sg13cmos5l_io_nand2_x1".                                               
Reading "sg13cmos5l_io_inv_x1".                                                 
Reading "sg13cmos5l_io_tie".                                                    
Reading "sg13cmos5l_io_nor2_x1".                                                
Reading "sg13cmos5l_LevelUp".                                                   
Reading "sg13cmos5l_GateDecode".                                                
Reading "sg13cmos5l_Clamp_P2N2D".                                               
Reading "sg13cmos5l_Clamp_N2N2D".                                               
Reading "sg13cmos5l_IOPadInOut4mA".                                             
Reading "sg13cmos5l_Clamp_P8N8D".                                               
Reading "sg13cmos5l_Clamp_N8N8D".                                               
Reading "sg13cmos5l_IOPadInOut16mA".                                            
Reading "sg13cmos5l_LevelUpInv".                                                
Reading "sg13cmos5l_GateLevelUpInv".                                            
Reading "sg13cmos5l_IOPadOut4mA".                                               
Reading "sg13cmos5l_IOPadOut16mA".                                              
Reading "sg13cmos5l_IOPadTriOut4mA".                                            
Reading "sg13cmos5l_Clamp_P15N15D".                                             
Reading "sg13cmos5l_Clamp_N15N15D".                                             
Reading "sg13cmos5l_IOPadInOut30mA".                                            
Reading "sg13cmos5l_IOPadOut30mA".                                              
Reading "sg13cmos5l_IOPadTriOut16mA".                                           
Reading "sg13cmos5l_IOPadTriOut30mA".                                           
Reading "sg13cmos5l_RCClampResistor".                                           
Reading "sg13cmos5l_RCClampInverter".                                           
Reading "sg13cmos5l_Clamp_N43N43D4R".                                           
Reading "sg13cmos5l_IOPadVdd".                                                  
Reading "sg13cmos5l_Filler200".                                                 
Reading "sg13cmos5l_Filler400".                                                 
Reading "sg13cmos5l_Filler1000".                                                
Reading "sg13cmos5l_Filler2000".                                                
Reading "sg13cmos5l_Filler4000".                                                
Reading "sg13cmos5l_Clamp_P20N0D".                                              
Reading "sg13cmos5l_Clamp_N20N0D".                                              
Reading "sg13cmos5l_IOPadAnalog".                                               
Reading "sg13cmos5l_IOPadIOVdd".                                                
Reading "sg13cmos5l_Corner".                                                    
Reading "sg13cmos5l_IOPadVss".                                                  
Reading "sg13cmos5l_Gallery".                                                   
> lef read                                                                      
/home/wayne/devel/jane/hardcaml_asic/.toolchain/pdk/ihp-sg13cmos5l/libs.ref/sg13
cmos5l_io/lef/sg13cmos5l_io.lef                                                 
Reading LEF data from file                                                      
/home/wayne/devel/jane/hardcaml_asic/.toolchain/pdk/ihp-sg13cmos5l/libs.ref/sg13
cmos5l_io/lef/sg13cmos5l_io.lef.                                                
This action cannot be undone.                                                   
LEF read: Processed 3056 lines.                                                 
Cell (NEWCELL) couldn't be read                                                 
No such file or directory                                                       
Creating new cell                                                               
> lef read                                                                      
/home/wayne/devel/jane/hardcaml_asic/.toolchain/pdk/ihp-sg13cmos5l/libs.ref/sg13
cmos5l_stdcell/lef/sg13cmos5l_tech.lef                                          
Reading LEF data from file                                                      
/home/wayne/devel/jane/hardcaml_asic/.toolchain/pdk/ihp-sg13cmos5l/libs.ref/sg13
cmos5l_stdcell/lef/sg13cmos5l_tech.lef.                                         
This action cannot be undone.                                                   
LEF read, Line 82 (Message): Unknown keyword "MAXIMUMDENSITY" in LEF file;      
ignoring.                                                                       
LEF read, Line 83 (Message): Unknown keyword "DENSITYCHECKSTEP" in LEF file;    
ignoring.                                                                       
LEF read, Line 84 (Message): Unknown keyword "DENSITYCHECKWINDOW" in LEF file;  
ignoring.                                                                       
LEF read, Line 90 (Message): Unknown keyword "MINIMUMCUT" in LEF file; ignoring.
LEF read, Line 94 (Message): Unknown keyword "ANTENNACUMAREARATIO" in LEF file; 
ignoring.                                                                       
LEF read, Line 95 (Message): Unknown keyword "ANTENNACUMDIFFAREARATIO" in LEF   
file; ignoring.                                                                 
LEF read, Line 124 (Message): Unknown keyword "MAXIMUMDENSITY" in LEF file;     
ignoring.                                                                       
LEF read, Line 125 (Message): Unknown keyword "DENSITYCHECKSTEP" in LEF file;   
ignoring.                                                                       
LEF read, Line 126 (Message): Unknown keyword "DENSITYCHECKWINDOW" in LEF file; 
ignoring.                                                                       
LEF read, Line 132 (Message): Unknown keyword "MINIMUMCUT" in LEF file;         
ignoring.                                                                       
LEF read, Line 137 (Message): Unknown keyword "ANTENNACUMAREARATIO" in LEF file;
ignoring.                                                                       
LEF read, Line 138 (Message): Unknown keyword "ANTENNACUMDIFFAREARATIO" in LEF  
file; ignoring.                                                                 
LEF read, Line 165 (Message): Unknown keyword "MAXIMUMDENSITY" in LEF file;     
ignoring.                                                                       
LEF read, Line 166 (Message): Unknown keyword "DENSITYCHECKSTEP" in LEF file;   
ignoring.                                                                       
LEF read, Line 167 (Message): Unknown keyword "DENSITYCHECKWINDOW" in LEF file; 
ignoring.                                                                       
LEF read, Line 173 (Message): Unknown keyword "MINIMUMCUT" in LEF file;         
ignoring.                                                                       
LEF read, Line 178 (Message): Unknown keyword "ANTENNACUMAREARATIO" in LEF file;
ignoring.                                                                       
LEF read, Line 179 (Message): Unknown keyword "ANTENNACUMDIFFAREARATIO" in LEF  
file; ignoring.                                                                 
LEF read, Line 207 (Message): Unknown keyword "MAXIMUMDENSITY" in LEF file;     
ignoring.                                                                       
LEF read, Line 208 (Message): Unknown keyword "DENSITYCHECKSTEP" in LEF file;   
ignoring.                                                                       
LEF read, Line 209 (Message): Unknown keyword "DENSITYCHECKWINDOW" in LEF file; 
ignoring.                                                                       
LEF read, Line 215 (Message): Unknown keyword "MINIMUMCUT" in LEF file;         
ignoring.                                                                       
LEF read, Line 220 (Message): Unknown keyword "ANTENNACUMAREARATIO" in LEF file;
ignoring.                                                                       
LEF read, Line 221 (Message): Unknown keyword "ANTENNACUMDIFFAREARATIO" in LEF  
file; ignoring.                                                                 
LEF read, Line 247 (Message): Unknown keyword "MAXIMUMDENSITY" in LEF file;     
ignoring.                                                                       
LEF read, Line 248 (Message): Unknown keyword "DENSITYCHECKSTEP" in LEF file;   
ignoring.                                                                       
LEF read, Line 249 (Message): Unknown keyword "DENSITYCHECKWINDOW" in LEF file; 
ignoring.                                                                       
LEF read, Line 254 (Message): Unknown keyword "ANTENNACUMAREARATIO" in LEF file;
ignoring.                                                                       
LEF read, Line 255 (Message): Unknown keyword "ANTENNACUMDIFFAREARATIO" in LEF  
file; ignoring.                                                                 
LEF read: Processed 901 lines.                                                  
> def read                                                                      
/home/wayne/devel/jane/hardcaml_asic/experiments/sram_flow_feasibility/runs/atte
mpt-005-full/53-odb-cellfrequencytables/tt_um_sram_probe.def -noblockage        
Reading DEF data from file                                                      
/home/wayne/devel/jane/hardcaml_asic/experiments/sram_flow_feasibility/runs/atte
mpt-005-full/53-odb-cellfrequencytables/tt_um_sram_probe.def.                   
This action cannot be undone.                                                   
  Processed 3 vias total.                                                       
  Processed 68758 subcell instances total.                                      
  Processed 45 pins total.                                                      
  Processed 2 special nets total.                                               
  Processed 213 nets total.                                                     
DEF read: Processed 85476 lines.                                                
   Copying output for cell sg13cmos5l_decap_8 from                              
$PDKPATH/libs.ref/sg13cmos5l_stdcell/gds/sg13cmos5l_stdcell.gds                 
   Copying output for cell sg13cmos5l_decap_4 from                              
$PDKPATH/libs.ref/sg13cmos5l_stdcell/gds/sg13cmos5l_stdcell.gds                 
   Copying output for cell sg13cmos5l_antennanp from                            
$PDKPATH/libs.ref/sg13cmos5l_stdcell/gds/sg13cmos5l_stdcell.gds                 
   Copying output for cell sg13cmos5l_fill_2 from                               
$PDKPATH/libs.ref/sg13cmos5l_stdcell/gds/sg13cmos5l_stdcell.gds                 
   Copying output for cell sg13cmos5l_tielo from                                
$PDKPATH/libs.ref/sg13cmos5l_stdcell/gds/sg13cmos5l_stdcell.gds                 
   Copying output for cell sg13cmos5l_fill_1 from                               
$PDKPATH/libs.ref/sg13cmos5l_stdcell/gds/sg13cmos5l_stdcell.gds                 
   Copying output for cell sg13cmos5l_and2_1 from                               
$PDKPATH/libs.ref/sg13cmos5l_stdcell/gds/sg13cmos5l_stdcell.gds                 
   Copying output for cell sg13cmos5l_tiehi from                                
$PDKPATH/libs.ref/sg13cmos5l_stdcell/gds/sg13cmos5l_stdcell.gds                 
   Copying output for cell sg13cmos5l_dlygate4sd3_1 from                        
$PDKPATH/libs.ref/sg13cmos5l_stdcell/gds/sg13cmos5l_stdcell.gds                 
   Copying output for cell sg13cmos5l_nor2b_1 from                              
$PDKPATH/libs.ref/sg13cmos5l_stdcell/gds/sg13cmos5l_stdcell.gds                 
   Copying output for cell RM_IHPSG13_1P_COLCTRL2_end from                      
$PDKPATH/libs.ref/sg13cmos5l_sram/gds/RM_IHPSG13_1P_256x16_c2_bm_bist.gds       
   Copying output for cell viagen34_CDNS_756481119259 from                      
$PDKPATH/libs.ref/sg13cmos5l_sram/gds/RM_IHPSG13_1P_256x16_c2_bm_bist.gds       
   Copying output for cell M2_M1_CDNS_7564811192511 from                        
$PDKPATH/libs.ref/sg13cmos5l_sram/gds/RM_IHPSG13_1P_256x16_c2_bm_bist.gds       
   Copying output for cell M2_M1_CDNS_756481119252 from                         
$PDKPATH/libs.ref/sg13cmos5l_sram/gds/RM_IHPSG13_1P_256x16_c2_bm_bist.gds       
   Copying output for cell M3_M2_CDNS_756481119255 from                         
$PDKPATH/libs.ref/sg13cmos5l_sram/gds/RM_IHPSG13_1P_256x16_c2_bm_bist.gds       
   Copying output for cell RSC_IHPSG13_FILLCAP4 from                            
$PDKPATH/libs.ref/sg13cmos5l_sram/gds/RM_IHPSG13_1P_256x16_c2_bm_bist.gds       
   Copying output for cell RSC_IHPSG13_INVX2 from                               
$PDKPATH/libs.ref/sg13cmos5l_sram/gds/RM_IHPSG13_1P_256x16_c2_bm_bist.gds       
   Copying output for cell RSC_IHPSG13_TIEH from                                
$PDKPATH/libs.ref/sg13cmos5l_sram/gds/RM_IHPSG13_1P_256x16_c2_bm_bist.gds       
   Copying output for cell M2_M1_CDNS_756481119251 from                         
$PDKPATH/libs.ref/sg13cmos5l_sram/gds/RM_IHPSG13_1P_256x16_c2_bm_bist.gds       
   Copying output for cell viagen23_CDNS_7564811192515 from                     
$PDKPATH/libs.ref/sg13cmos5l_sram/gds/RM_IHPSG13_1P_256x16_c2_bm_bist.gds       
   Copying output for cell M2_M1_CDNS_7564811192518 from                        
$PDKPATH/libs.ref/sg13cmos5l_sram/gds/RM_IHPSG13_1P_256x16_c2_bm_bist.gds       
   Copying output for cell RSC_IHPSG13_CINVX2 from                              
$PDKPATH/libs.ref/sg13cmos5l_sram/gds/RM_IHPSG13_1P_256x16_c2_bm_bist.gds       
   Copying output for cell RSC_IHPSG13_DFNQMX2IX1 from                          
$PDKPATH/libs.ref/sg13cmos5l_sram/gds/RM_IHPSG13_1P_256x16_c2_bm_bist.gds       
   Copying output for cell M2_M1_CDNS_756481119253 from                         
$PDKPATH/libs.ref/sg13cmos5l_sram/gds/RM_IHPSG13_1P_256x16_c2_bm_bist.gds       
   Copying output for cell RSC_IHPSG13_INVX4 from                               
$PDKPATH/libs.ref/sg13cmos5l_sram/gds/RM_IHPSG13_1P_256x16_c2_bm_bist.gds       
   Copying output for cell M3_M2_CDNS_7564811192513 from                        
$PDKPATH/libs.ref/sg13cmos5l_sram/gds/RM_IHPSG13_1P_256x16_c2_bm_bist.gds       
   Copying output for cell M3_M2_CDNS_7564811192517 from                        
$PDKPATH/libs.ref/sg13cmos5l_sram/gds/RM_IHPSG13_1P_256x16_c2_bm_bist.gds       
   Copying output for cell lvsres_db_0x0283151a from                            
$PDKPATH/libs.ref/sg13cmos5l_sram/gds/RM_IHPSG13_1P_256x16_c2_bm_bist.gds       
   Copying output for cell RSC_IHPSG13_CBUFX2 from                              
$PDKPATH/libs.ref/sg13cmos5l_sram/gds/RM_IHPSG13_1P_256x16_c2_bm_bist.gds       
   Copying output for cell viagen12_CDNS_7564811192519 from                     
$PDKPATH/libs.ref/sg13cmos5l_sram/gds/RM_IHPSG13_1P_256x16_c2_bm_bist.gds       
   Copying output for cell RSC_IHPSG13_DFPQD_MSAFFX2N_half from                 
$PDKPATH/libs.ref/sg13cmos5l_sram/gds/RM_IHPSG13_1P_256x16_c2_bm_bist.gds       
   Copying output for cell RSC_IHPSG13_DFPQD_MSAFFX2N from                      
$PDKPATH/libs.ref/sg13cmos5l_sram/gds/RM_IHPSG13_1P_256x16_c2_bm_bist.gds       
   Copying output for cell M3_M2_CDNS_7564811192514 from                        
$PDKPATH/libs.ref/sg13cmos5l_sram/gds/RM_IHPSG13_1P_256x16_c2_bm_bist.gds       
   Copying output for cell M2_M1_CDNS_7564811192512 from                        
$PDKPATH/libs.ref/sg13cmos5l_sram/gds/RM_IHPSG13_1P_256x16_c2_bm_bist.gds       
   Copying output for cell RSC_IHPSG13_AND2X2 from                              
$PDKPATH/libs.ref/sg13cmos5l_sram/gds/RM_IHPSG13_1P_256x16_c2_bm_bist.gds       
   Copying output for cell viagen23_CDNS_7564811192516 from                     
$PDKPATH/libs.ref/sg13cmos5l_sram/gds/RM_IHPSG13_1P_256x16_c2_bm_bist.gds       
   Copying output for cell viagen12_CDNS_756481119250 from                      
$PDKPATH/libs.ref/sg13cmos5l_sram/gds/RM_IHPSG13_1P_256x16_c2_bm_bist.gds       
   Copying output for cell RSC_IHPSG13_CINVX4_WN from                           
$PDKPATH/libs.ref/sg13cmos5l_sram/gds/RM_IHPSG13_1P_256x16_c2_bm_bist.gds       
   Copying output for cell M3_M2_CDNS_7564811192510 from                        
$PDKPATH/libs.ref/sg13cmos5l_sram/gds/RM_IHPSG13_1P_256x16_c2_bm_bist.gds       
   Copying output for cell M2_M1_CDNS_756481119257 from                         
$PDKPATH/libs.ref/sg13cmos5l_sram/gds/RM_IHPSG13_1P_256x16_c2_bm_bist.gds       
   Copying output for cell RSC_IHPSG13_NOR2X2 from                              
$PDKPATH/libs.ref/sg13cmos5l_sram/gds/RM_IHPSG13_1P_256x16_c2_bm_bist.gds       
   Copying output for cell viagen23_CDNS_756481119254 from                      
$PDKPATH/libs.ref/sg13cmos5l_sram/gds/RM_IHPSG13_1P_256x16_c2_bm_bist.gds       
   Copying output for cell M3_M2_CDNS_756481119256 from                         
$PDKPATH/libs.ref/sg13cmos5l_sram/gds/RM_IHPSG13_1P_256x16_c2_bm_bist.gds       
   Copying output for cell viagen23_CDNS_7564811192520 from                     
$PDKPATH/libs.ref/sg13cmos5l_sram/gds/RM_IHPSG13_1P_256x16_c2_bm_bist.gds       
   Copying output for cell viagen12_CDNS_7564811192521 from                     
$PDKPATH/libs.ref/sg13cmos5l_sram/gds/RM_IHPSG13_1P_256x16_c2_bm_bist.gds       
   Copying output for cell viagen12_CDNS_7564811192529 from                     
$PDKPATH/libs.ref/sg13cmos5l_sram/gds/RM_IHPSG13_1P_256x16_c2_bm_bist.gds       
   Copying output for cell M2_M1_CDNS_7564811192523 from                        
$PDKPATH/libs.ref/sg13cmos5l_sram/gds/RM_IHPSG13_1P_256x16_c2_bm_bist.gds       
   Copying output for cell viagen23_CDNS_7564811192525 from                     
$PDKPATH/libs.ref/sg13cmos5l_sram/gds/RM_IHPSG13_1P_256x16_c2_bm_bist.gds       
   Copying output for cell viagen23_CDNS_7564811192524 from                     
$PDKPATH/libs.ref/sg13cmos5l_sram/gds/RM_IHPSG13_1P_256x16_c2_bm_bist.gds       
   Copying output for cell viagen12_CDNS_7564811192526 from                     
$PDKPATH/libs.ref/sg13cmos5l_sram/gds/RM_IHPSG13_1P_256x16_c2_bm_bist.gds       
   Copying output for cell viagen12_CDNS_7564811192522 from                     
$PDKPATH/libs.ref/sg13cmos5l_sram/gds/RM_IHPSG13_1P_256x16_c2_bm_bist.gds       
   Copying output for cell viagen12_CDNS_7564811192527 from                     
$PDKPATH/libs.ref/sg13cmos5l_sram/gds/RM_IHPSG13_1P_256x16_c2_bm_bist.gds       
   Copying output for cell viagen23_CDNS_7564811192528 from                     
$PDKPATH/libs.ref/sg13cmos5l_sram/gds/RM_IHPSG13_1P_256x16_c2_bm_bist.gds       
   Copying output for cell RM_IHPSG13_1P_BLDRV from                             
$PDKPATH/libs.ref/sg13cmos5l_sram/gds/RM_IHPSG13_1P_256x16_c2_bm_bist.gds       
   Copying output for cell viagen23_CDNS_756481119258 from                      
$PDKPATH/libs.ref/sg13cmos5l_sram/gds/RM_IHPSG13_1P_256x16_c2_bm_bist.gds       
   Copying output for cell RM_IHPSG13_1P_COLCTRL2 from                          
$PDKPATH/libs.ref/sg13cmos5l_sram/gds/RM_IHPSG13_1P_256x16_c2_bm_bist.gds       
   Copying output for cell RSC_IHPSG13_FILL1 from                               
$PDKPATH/libs.ref/sg13cmos5l_sram/gds/RM_IHPSG13_1P_256x16_c2_bm_bist.gds       
   Copying output for cell RM_IHPSG13_1P_COLDRV13_FILL1C2 from                  
$PDKPATH/libs.ref/sg13cmos5l_sram/gds/RM_IHPSG13_1P_256x16_c2_bm_bist.gds       
   Copying output for cell RM_IHPSG13_1P_COLDRV13_FILL4C2 from                  
$PDKPATH/libs.ref/sg13cmos5l_sram/gds/RM_IHPSG13_1P_256x16_c2_bm_bist.gds       
   Copying output for cell M3_M2_CDNS_7564811192541 from                        
$PDKPATH/libs.ref/sg13cmos5l_sram/gds/RM_IHPSG13_1P_256x16_c2_bm_bist.gds       
   Copying output for cell viagen23_CDNS_7564811192540 from                     
$PDKPATH/libs.ref/sg13cmos5l_sram/gds/RM_IHPSG13_1P_256x16_c2_bm_bist.gds       
   Copying output for cell viagen23_CDNS_7564811192530 from                     
$PDKPATH/libs.ref/sg13cmos5l_sram/gds/RM_IHPSG13_1P_256x16_c2_bm_bist.gds       
   Copying output for cell RSC_IHPSG13_CBUFX4 from                              
$PDKPATH/libs.ref/sg13cmos5l_sram/gds/RM_IHPSG13_1P_256x16_c2_bm_bist.gds       
   Copying output for cell RM_IHPSG13_1P_COLDRV13X4 from                        
$PDKPATH/libs.ref/sg13cmos5l_sram/gds/RM_IHPSG13_1P_256x16_c2_bm_bist.gds       
   Copying output for cell M3_M2_CDNS_7564811192539 from                        
$PDKPATH/libs.ref/sg13cmos5l_sram/gds/RM_IHPSG13_1P_256x16_c2_bm_bist.gds       
   Copying output for cell viagen23_CDNS_7564811192532 from                     
$PDKPATH/libs.ref/sg13cmos5l_sram/gds/RM_IHPSG13_1P_256x16_c2_bm_bist.gds       
   Copying output for cell M3_M2_CDNS_7564811192543 from                        
$PDKPATH/libs.ref/sg13cmos5l_sram/gds/RM_IHPSG13_1P_256x16_c2_bm_bist.gds       
   Copying output for cell viagen12_CDNS_7564811192545 from                     
$PDKPATH/libs.ref/sg13cmos5l_sram/gds/RM_IHPSG13_1P_256x16_c2_bm_bist.gds       
   Copying output for cell viagen34_CDNS_7564811192534 from                     
$PDKPATH/libs.ref/sg13cmos5l_sram/gds/RM_IHPSG13_1P_256x16_c2_bm_bist.gds       
   Copying output for cell M3_M2_CDNS_7564811192542 from                        
$PDKPATH/libs.ref/sg13cmos5l_sram/gds/RM_IHPSG13_1P_256x16_c2_bm_bist.gds       
   Copying output for cell M2_M1_CDNS_7564811192544 from                        
$PDKPATH/libs.ref/sg13cmos5l_sram/gds/RM_IHPSG13_1P_256x16_c2_bm_bist.gds       
   Copying output for cell RSC_IHPSG13_WLDRVX4 from                             
$PDKPATH/libs.ref/sg13cmos5l_sram/gds/RM_IHPSG13_1P_256x16_c2_bm_bist.gds       
   Copying output for cell RM_IHPSG13_1P_WLDRV16X4 from                         
$PDKPATH/libs.ref/sg13cmos5l_sram/gds/RM_IHPSG13_1P_256x16_c2_bm_bist.gds       
   Copying output for cell RM_IHPSG13_1P_WLDRV16X4_tap from                     
$PDKPATH/libs.ref/sg13cmos5l_sram/gds/RM_IHPSG13_1P_256x16_c2_bm_bist.gds       
   Copying output for cell RM_IHPSG13_1P_BITKIT_16x2_LE_con_edge_lr from        
$PDKPATH/libs.ref/sg13cmos5l_sram/gds/RM_IHPSG13_1P_256x16_c2_bm_bist.gds       
   Copying output for cell VIA_M1_Activ_db_0x02835b9b from                      
$PDKPATH/libs.ref/sg13cmos5l_sram/gds/RM_IHPSG13_1P_256x16_c2_bm_bist.gds       
   Copying output for cell RM_IHPSG13_1P_BITKIT_CELL_CORNER from                
$PDKPATH/libs.ref/sg13cmos5l_sram/gds/RM_IHPSG13_1P_256x16_c2_bm_bist.gds       
   Copying output for cell M1_GatPoly_CDNS_7564811192548 from                   
$PDKPATH/libs.ref/sg13cmos5l_sram/gds/RM_IHPSG13_1P_256x16_c2_bm_bist.gds       
   Copying output for cell RM_IHPSG13_1P_BITKIT_EDGE_LR from                    
$PDKPATH/libs.ref/sg13cmos5l_sram/gds/RM_IHPSG13_1P_256x16_c2_bm_bist.gds       
   Copying output for cell RM_IHPSG13_1P_BITKIT_16x2_EDGE_LR from               
$PDKPATH/libs.ref/sg13cmos5l_sram/gds/RM_IHPSG13_1P_256x16_c2_bm_bist.gds       
   Copying output for cell RM_IHPSG13_1P_BITKIT_16x2_LE_con_corner from         
$PDKPATH/libs.ref/sg13cmos5l_sram/gds/RM_IHPSG13_1P_256x16_c2_bm_bist.gds       
   Copying output for cell RM_IHPSG13_1P_BITKIT_16x2_CORNER from                
$PDKPATH/libs.ref/sg13cmos5l_sram/gds/RM_IHPSG13_1P_256x16_c2_bm_bist.gds       
   Copying output for cell viagen34_CDNS_7564811192549 from                     
$PDKPATH/libs.ref/sg13cmos5l_sram/gds/RM_IHPSG13_1P_256x16_c2_bm_bist.gds       
   Copying output for cell RM_IHPSG13_1P_BITKIT_16x2_POWER_ramblk from          
$PDKPATH/libs.ref/sg13cmos5l_sram/gds/RM_IHPSG13_1P_256x16_c2_bm_bist.gds       
   Copying output for cell RM_IHPSG13_1P_BITKIT_16x2_EDGE_TB from               
$PDKPATH/libs.ref/sg13cmos5l_sram/gds/RM_IHPSG13_1P_256x16_c2_bm_bist.gds       
   Copying output for cell RM_IHPSG13_1P_BITKIT_TAP from                        
$PDKPATH/libs.ref/sg13cmos5l_sram/gds/RM_IHPSG13_1P_256x16_c2_bm_bist.gds       
   Copying output for cell RM_IHPSG13_1P_BITKIT_CELL_SUB from                   
$PDKPATH/libs.ref/sg13cmos5l_sram/gds/RM_IHPSG13_1P_256x16_c2_bm_bist.gds       
   Copying output for cell lvsres_db_0x02834b9a from                            
$PDKPATH/libs.ref/sg13cmos5l_sram/gds/RM_IHPSG13_1P_256x16_c2_bm_bist.gds       
   Copying output for cell lvsres_db_0x0283509a from                            
$PDKPATH/libs.ref/sg13cmos5l_sram/gds/RM_IHPSG13_1P_256x16_c2_bm_bist.gds       
   Copying output for cell RM_IHPSG13_1P_BITKIT_CELL from                       
$PDKPATH/libs.ref/sg13cmos5l_sram/gds/RM_IHPSG13_1P_256x16_c2_bm_bist.gds       
   Copying output for cell RM_IHPSG13_1P_BITKIT_CELL_2x1 from                   
$PDKPATH/libs.ref/sg13cmos5l_sram/gds/RM_IHPSG13_1P_256x16_c2_bm_bist.gds       
   Copying output for cell RM_IHPSG13_1P_BITKIT_16x2_SRAM from                  
$PDKPATH/libs.ref/sg13cmos5l_sram/gds/RM_IHPSG13_1P_256x16_c2_bm_bist.gds       
   Copying output for cell RM_IHPSG13_1P_COLUMN_64 from                         
$PDKPATH/libs.ref/sg13cmos5l_sram/gds/RM_IHPSG13_1P_256x16_c2_bm_bist.gds       
   Copying output for cell RM_IHPSG13_1P_MATRIX_64x32 from                      
$PDKPATH/libs.ref/sg13cmos5l_sram/gds/RM_IHPSG13_1P_256x16_c2_bm_bist.gds       
   Copying output for cell lvsres_db_0x04007e9a from                            
$PDKPATH/libs.ref/sg13cmos5l_sram/gds/RM_IHPSG13_1P_256x16_c2_bm_bist.gds       
   Copying output for cell RSC_IHPSG13_CDLYX1_DUMMY from                        
$PDKPATH/libs.ref/sg13cmos5l_sram/gds/RM_IHPSG13_1P_256x16_c2_bm_bist.gds       
   Copying output for cell RM_IHPSG13_1P_DLY_0 from                             
$PDKPATH/libs.ref/sg13cmos5l_sram/gds/RM_IHPSG13_1P_256x16_c2_bm_bist.gds       
   Copying output for cell RSC_IHPSG13_CDLYX1 from                              
$PDKPATH/libs.ref/sg13cmos5l_sram/gds/RM_IHPSG13_1P_256x16_c2_bm_bist.gds       
   Copying output for cell RM_IHPSG13_1P_DLY_1 from                             
$PDKPATH/libs.ref/sg13cmos5l_sram/gds/RM_IHPSG13_1P_256x16_c2_bm_bist.gds       
   Copying output for cell RM_IHPSG13_1P_COLDRV13_FILL1 from                    
$PDKPATH/libs.ref/sg13cmos5l_sram/gds/RM_IHPSG13_1P_256x16_c2_bm_bist.gds       
   Copying output for cell M3_M2_CDNS_7564811192531 from                        
$PDKPATH/libs.ref/sg13cmos5l_sram/gds/RM_IHPSG13_1P_256x16_c2_bm_bist.gds       
   Copying output for cell RM_IHPSG13_1P_COLDRV13_FILL4 from                    
$PDKPATH/libs.ref/sg13cmos5l_sram/gds/RM_IHPSG13_1P_256x16_c2_bm_bist.gds       
   Copying output for cell viagen12_CDNS_7564811192537 from                     
$PDKPATH/libs.ref/sg13cmos5l_sram/gds/RM_IHPSG13_1P_256x16_c2_bm_bist.gds       
   Copying output for cell RSC_IHPSG13_FILL2 from                               
$PDKPATH/libs.ref/sg13cmos5l_sram/gds/RM_IHPSG13_1P_256x16_c2_bm_bist.gds       
   Copying output for cell RSC_IHPSG13_MX2IX1 from                              
$PDKPATH/libs.ref/sg13cmos5l_sram/gds/RM_IHPSG13_1P_256x16_c2_bm_bist.gds       
   Copying output for cell RM_IHPSG13_1P_DLY_MUX from                           
$PDKPATH/libs.ref/sg13cmos5l_sram/gds/RM_IHPSG13_1P_256x16_c2_bm_bist.gds       
   Copying output for cell RSC_IHPSG13_CINVX8 from                              
$PDKPATH/libs.ref/sg13cmos5l_sram/gds/RM_IHPSG13_1P_256x16_c2_bm_bist.gds       
   Copying output for cell RSC_IHPSG13_FILLCAP8 from                            
$PDKPATH/libs.ref/sg13cmos5l_sram/gds/RM_IHPSG13_1P_256x16_c2_bm_bist.gds       
   Copying output for cell viagen23_CDNS_7564811192547 from                     
$PDKPATH/libs.ref/sg13cmos5l_sram/gds/RM_IHPSG13_1P_256x16_c2_bm_bist.gds       
   Copying output for cell M3_M2_CDNS_7564811192546 from                        
$PDKPATH/libs.ref/sg13cmos5l_sram/gds/RM_IHPSG13_1P_256x16_c2_bm_bist.gds       
   Copying output for cell RM_IHPSG13_1P_ROWREG0 from                           
$PDKPATH/libs.ref/sg13cmos5l_sram/gds/RM_IHPSG13_1P_256x16_c2_bm_bist.gds       
   Copying output for cell RM_IHPSG13_1P_ROWREG6 from                           
$PDKPATH/libs.ref/sg13cmos5l_sram/gds/RM_IHPSG13_1P_256x16_c2_bm_bist.gds       
   Copying output for cell RSC_IHPSG13_TIEL from                                
$PDKPATH/libs.ref/sg13cmos5l_sram/gds/RM_IHPSG13_1P_256x16_c2_bm_bist.gds       
   Copying output for cell RSC_IHPSG13_NAND2X2 from                             
$PDKPATH/libs.ref/sg13cmos5l_sram/gds/RM_IHPSG13_1P_256x16_c2_bm_bist.gds       
   Copying output for cell RM_IHPSG13_1P_COLDEC2 from                           
$PDKPATH/libs.ref/sg13cmos5l_sram/gds/RM_IHPSG13_1P_256x16_c2_bm_bist.gds       
   Copying output for cell viagen12_CDNS_7564811192538 from                     
$PDKPATH/libs.ref/sg13cmos5l_sram/gds/RM_IHPSG13_1P_256x16_c2_bm_bist.gds       
   Copying output for cell RSC_IHPSG13_CINVX4 from                              
$PDKPATH/libs.ref/sg13cmos5l_sram/gds/RM_IHPSG13_1P_256x16_c2_bm_bist.gds       
   Copying output for cell RSC_IHPSG13_CBUFX8 from                              
$PDKPATH/libs.ref/sg13cmos5l_sram/gds/RM_IHPSG13_1P_256x16_c2_bm_bist.gds       
   Copying output for cell RSC_IHPSG13_DFNQX2 from                              
$PDKPATH/libs.ref/sg13cmos5l_sram/gds/RM_IHPSG13_1P_256x16_c2_bm_bist.gds       
   Copying output for cell RSC_IHPSG13_CGATEPX4 from                            
$PDKPATH/libs.ref/sg13cmos5l_sram/gds/RM_IHPSG13_1P_256x16_c2_bm_bist.gds       
   Copying output for cell RSC_IHPSG13_CDLYX2 from                              
$PDKPATH/libs.ref/sg13cmos5l_sram/gds/RM_IHPSG13_1P_256x16_c2_bm_bist.gds       
   Copying output for cell RSC_IHPSG13_MX2X2 from                               
$PDKPATH/libs.ref/sg13cmos5l_sram/gds/RM_IHPSG13_1P_256x16_c2_bm_bist.gds       
   Copying output for cell RSC_IHPSG13_CNAND2X2 from                            
$PDKPATH/libs.ref/sg13cmos5l_sram/gds/RM_IHPSG13_1P_256x16_c2_bm_bist.gds       
   Copying output for cell RSC_IHPSG13_XOR2X2 from                              
$PDKPATH/libs.ref/sg13cmos5l_sram/gds/RM_IHPSG13_1P_256x16_c2_bm_bist.gds       
   Copying output for cell M3_M2_CDNS_7564811192533 from                        
$PDKPATH/libs.ref/sg13cmos5l_sram/gds/RM_IHPSG13_1P_256x16_c2_bm_bist.gds       
   Copying output for cell RSC_IHPSG13_OA12X1 from                              
$PDKPATH/libs.ref/sg13cmos5l_sram/gds/RM_IHPSG13_1P_256x16_c2_bm_bist.gds       
   Copying output for cell M3_M2_CDNS_7564811192536 from                        
$PDKPATH/libs.ref/sg13cmos5l_sram/gds/RM_IHPSG13_1P_256x16_c2_bm_bist.gds       
   Copying output for cell viagen34_CDNS_7564811192535 from                     
$PDKPATH/libs.ref/sg13cmos5l_sram/gds/RM_IHPSG13_1P_256x16_c2_bm_bist.gds       
   Copying output for cell RM_IHPSG13_1P_CTRL from                              
$PDKPATH/libs.ref/sg13cmos5l_sram/gds/RM_IHPSG13_1P_256x16_c2_bm_bist.gds       
   Copying output for cell RM_IHPSG13_1P_DEC_LE_l0wire from                     
$PDKPATH/libs.ref/sg13cmos5l_sram/gds/RM_IHPSG13_1P_256x16_c2_bm_bist.gds       
   Copying output for cell RSC_IHPSG13_NAND3X2 from                             
$PDKPATH/libs.ref/sg13cmos5l_sram/gds/RM_IHPSG13_1P_256x16_c2_bm_bist.gds       
   Copying output for cell RM_IHPSG13_1P_DEC00 from                             
$PDKPATH/libs.ref/sg13cmos5l_sram/gds/RM_IHPSG13_1P_256x16_c2_bm_bist.gds       
   Copying output for cell RM_IHPSG13_1P_DEC_LE_tap from                        
$PDKPATH/libs.ref/sg13cmos5l_sram/gds/RM_IHPSG13_1P_256x16_c2_bm_bist.gds       
   Copying output for cell RSC_IHPSG13_LHPQX2 from                              
$PDKPATH/libs.ref/sg13cmos5l_sram/gds/RM_IHPSG13_1P_256x16_c2_bm_bist.gds       
   Copying output for cell RSC_IHPSG13_NOR3X2 from                              
$PDKPATH/libs.ref/sg13cmos5l_sram/gds/RM_IHPSG13_1P_256x16_c2_bm_bist.gds       
   Copying output for cell lvsres_db_0x0400b71a from                            
$PDKPATH/libs.ref/sg13cmos5l_sram/gds/RM_IHPSG13_1P_256x16_c2_bm_bist.gds       
   Copying output for cell RM_IHPSG13_1P_DEC04 from                             
$PDKPATH/libs.ref/sg13cmos5l_sram/gds/RM_IHPSG13_1P_256x16_c2_bm_bist.gds       
   Copying output for cell RM_IHPSG13_1P_DEC_LE_l1empty from                    
$PDKPATH/libs.ref/sg13cmos5l_sram/gds/RM_IHPSG13_1P_256x16_c2_bm_bist.gds       
   Copying output for cell RM_IHPSG13_1P_DEC01 from                             
$PDKPATH/libs.ref/sg13cmos5l_sram/gds/RM_IHPSG13_1P_256x16_c2_bm_bist.gds       
   Copying output for cell RM_IHPSG13_1P_DEC_LE_l2empty from                    
$PDKPATH/libs.ref/sg13cmos5l_sram/gds/RM_IHPSG13_1P_256x16_c2_bm_bist.gds       
   Copying output for cell RM_IHPSG13_1P_DEC02 from                             
$PDKPATH/libs.ref/sg13cmos5l_sram/gds/RM_IHPSG13_1P_256x16_c2_bm_bist.gds       
   Copying output for cell RM_IHPSG13_1P_DEC03 from                             
$PDKPATH/libs.ref/sg13cmos5l_sram/gds/RM_IHPSG13_1P_256x16_c2_bm_bist.gds       
   Copying output for cell RM_IHPSG13_1P_ROWDEC0 from                           
$PDKPATH/libs.ref/sg13cmos5l_sram/gds/RM_IHPSG13_1P_256x16_c2_bm_bist.gds       
   Copying output for cell RM_IHPSG13_1P_ROWDEC6 from                           
$PDKPATH/libs.ref/sg13cmos5l_sram/gds/RM_IHPSG13_1P_256x16_c2_bm_bist.gds       
   Copying output for cell RM_IHPSG13_1P_256x16_c2_bm_bist from                 
$PDKPATH/libs.ref/sg13cmos5l_sram/gds/RM_IHPSG13_1P_256x16_c2_bm_bist.gds       
   Copying output for cell sg13cmos5l_buf_4 from                                
$PDKPATH/libs.ref/sg13cmos5l_stdcell/gds/sg13cmos5l_stdcell.gds                 
   Copying output for cell sg13cmos5l_buf_1 from                                
$PDKPATH/libs.ref/sg13cmos5l_stdcell/gds/sg13cmos5l_stdcell.gds                 
   Generating output for cell tt_um_sram_probe                                  
[INFO] GDS Write Complete                                                       
────────────────────────── GDSII Stream Out (KLayout) ──────────────────────────
[19:35:06] VERBOSE  Running 'KLayout.StreamOut' at                  step.py:1138
                    'experiments/sram_flow_feasibility/runs/attempt             
                    -005-full/58-klayout-streamout'…                            
[19:35:06] VERBOSE  Logging subprocess to                           step.py:1338
                    'experiments/sram_flow_feasibility/runs/attempt             
                    -005-full/58-klayout-streamout/klayout-streamou             
                    t.log'…                                                     
[INFO] Clearing cells…                                                          
[INFO] Merging GDS files…                                                       
[INFO] Copying top level cell 'tt_um_sram_probe'…                               
[INFO] Checking for missing GDS…                                                
[INFO] All LEF cells have matching GDS cells.                                   
[INFO] Writing out GDS                                                          
'/home/wayne/devel/jane/hardcaml_asic/experiments/sram_flow_feasibility/runs/att
empt-005-full/58-klayout-streamout/tt_um_sram_probe.klayout.gds'…               
[INFO] Done.                                                                    
────────────────────────── Render Image (w/ KLayout) ───────────────────────────
[19:35:08] VERBOSE  Running 'KLayout.Render' at                     step.py:1138
                    'experiments/sram_flow_feasibility/runs/attempt             
                    -005-full/59-klayout-render'…                               
[19:35:08] VERBOSE  Logging subprocess to                           step.py:1338
                    'experiments/sram_flow_feasibility/runs/attempt             
                    -005-full/59-klayout-render/klayout-render.log'             
                    …                                                           
────────────────────────────── Write LEF (Magic) ───────────────────────────────
[19:35:09] VERBOSE  Running 'Magic.WriteLEF' at                     step.py:1138
                    'experiments/sram_flow_feasibility/runs/attempt             
                    -005-full/60-magic-writelef'…                               
[19:35:09] VERBOSE  Logging subprocess to                           step.py:1338
                    'experiments/sram_flow_feasibility/runs/attempt             
                    -005-full/60-magic-writelef/magic-writelef.log'             
                    …                                                           
                                                                                
Magic 8.3 revision 674 - Compiled on Sat Jul 11 12:11:55 UTC 2026.              
Starting magic under Tcl interpreter                                            
Using the terminal as the console.                                              
Using NULL graphics device.                                                     
Processing system .magicrc file                                                 
Switching to WIRING tool.                                                       
Switching to NETLIST tool.                                                      
Switching to PICK tool.                                                         
Switching to BOX tool.                                                          
Sourcing design .magicrc for technology ihp-sg13cmos5l ...                      
2 Magic internal units = 1 Lambda                                               
Input style sg13cmos5l(): scaleFactor=2, multiplier=2                           
The following types are not handled by extraction and will be treated as        
non-electrical types:                                                           
    pblock pbase sealcont difffill sealvia1 sealvia2 sealvia3 sealvia4 seal     
glass thruvia inductor                                                          
Scaled tech values by 2 / 1 to match internal grid scaling                      
Loading ihp-sg13cmos5l Device Generator Menu ...                                
Loading                                                                         
"/nix/store/6a08ghhhzl5a07nr0ly762yh1ah6m5bj-python3-3.13.13-env/lib/python3.13/
site-packages/librelane/scripts/magic/wrapper.tcl" from command line.           
> lef read                                                                      
/home/wayne/devel/jane/hardcaml_asic/.toolchain/pdk/ihp-sg13cmos5l/libs.ref/sg13
cmos5l_stdcell/lef/sg13cmos5l_tech.lef                                          
Reading LEF data from file                                                      
/home/wayne/devel/jane/hardcaml_asic/.toolchain/pdk/ihp-sg13cmos5l/libs.ref/sg13
cmos5l_stdcell/lef/sg13cmos5l_tech.lef.                                         
This action cannot be undone.                                                   
LEF read, Line 82 (Message): Unknown keyword "MAXIMUMDENSITY" in LEF file;      
ignoring.                                                                       
LEF read, Line 83 (Message): Unknown keyword "DENSITYCHECKSTEP" in LEF file;    
ignoring.                                                                       
LEF read, Line 84 (Message): Unknown keyword "DENSITYCHECKWINDOW" in LEF file;  
ignoring.                                                                       
LEF read, Line 90 (Message): Unknown keyword "MINIMUMCUT" in LEF file; ignoring.
LEF read, Line 94 (Message): Unknown keyword "ANTENNACUMAREARATIO" in LEF file; 
ignoring.                                                                       
LEF read, Line 95 (Message): Unknown keyword "ANTENNACUMDIFFAREARATIO" in LEF   
file; ignoring.                                                                 
LEF read, Line 124 (Message): Unknown keyword "MAXIMUMDENSITY" in LEF file;     
ignoring.                                                                       
LEF read, Line 125 (Message): Unknown keyword "DENSITYCHECKSTEP" in LEF file;   
ignoring.                                                                       
LEF read, Line 126 (Message): Unknown keyword "DENSITYCHECKWINDOW" in LEF file; 
ignoring.                                                                       
LEF read, Line 132 (Message): Unknown keyword "MINIMUMCUT" in LEF file;         
ignoring.                                                                       
LEF read, Line 137 (Message): Unknown keyword "ANTENNACUMAREARATIO" in LEF file;
ignoring.                                                                       
LEF read, Line 138 (Message): Unknown keyword "ANTENNACUMDIFFAREARATIO" in LEF  
file; ignoring.                                                                 
LEF read, Line 165 (Message): Unknown keyword "MAXIMUMDENSITY" in LEF file;     
ignoring.                                                                       
LEF read, Line 166 (Message): Unknown keyword "DENSITYCHECKSTEP" in LEF file;   
ignoring.                                                                       
LEF read, Line 167 (Message): Unknown keyword "DENSITYCHECKWINDOW" in LEF file; 
ignoring.                                                                       
LEF read, Line 173 (Message): Unknown keyword "MINIMUMCUT" in LEF file;         
ignoring.                                                                       
LEF read, Line 178 (Message): Unknown keyword "ANTENNACUMAREARATIO" in LEF file;
ignoring.                                                                       
LEF read, Line 179 (Message): Unknown keyword "ANTENNACUMDIFFAREARATIO" in LEF  
file; ignoring.                                                                 
LEF read, Line 207 (Message): Unknown keyword "MAXIMUMDENSITY" in LEF file;     
ignoring.                                                                       
LEF read, Line 208 (Message): Unknown keyword "DENSITYCHECKSTEP" in LEF file;   
ignoring.                                                                       
LEF read, Line 209 (Message): Unknown keyword "DENSITYCHECKWINDOW" in LEF file; 
ignoring.                                                                       
LEF read, Line 215 (Message): Unknown keyword "MINIMUMCUT" in LEF file;         
ignoring.                                                                       
LEF read, Line 220 (Message): Unknown keyword "ANTENNACUMAREARATIO" in LEF file;
ignoring.                                                                       
LEF read, Line 221 (Message): Unknown keyword "ANTENNACUMDIFFAREARATIO" in LEF  
file; ignoring.                                                                 
LEF read, Line 247 (Message): Unknown keyword "MAXIMUMDENSITY" in LEF file;     
ignoring.                                                                       
LEF read, Line 248 (Message): Unknown keyword "DENSITYCHECKSTEP" in LEF file;   
ignoring.                                                                       
LEF read, Line 249 (Message): Unknown keyword "DENSITYCHECKWINDOW" in LEF file; 
ignoring.                                                                       
LEF read, Line 254 (Message): Unknown keyword "ANTENNACUMAREARATIO" in LEF file;
ignoring.                                                                       
LEF read, Line 255 (Message): Unknown keyword "ANTENNACUMDIFFAREARATIO" in LEF  
file; ignoring.                                                                 
LEF read: Processed 901 lines.                                                  
> gds read                                                                      
/home/wayne/devel/jane/hardcaml_asic/.toolchain/pdk/ihp-sg13cmos5l/libs.ref/sg13
cmos5l_stdcell/gds/sg13cmos5l_stdcell.gds                                       
Warning: Calma reading is not undoable!  I hope that's OK.                      
Library written using GDS-II Release 6.0                                        
Library name: LIB                                                               
Reading "sg13cmos5l_xor2_1".                                                    
Reading "sg13cmos5l_xnor2_1".                                                   
Reading "sg13cmos5l_tielo".                                                     
Reading "sg13cmos5l_tiehi".                                                     
CIF file read warning: CIF style sg13cmos5l(): units rescaled by factor of 5 / 1
Reading "sg13cmos5l_slgcp_1".                                                   
Reading "sg13cmos5l_sighold".                                                   
Reading "sg13cmos5l_sdfrbpq_2".                                                 
Reading "sg13cmos5l_sdfrbpq_1".                                                 
Reading "sg13cmos5l_sdfrbp_2".                                                  
Reading "sg13cmos5l_sdfrbp_1".                                                  
Reading "sg13cmos5l_sdfbbp_1".                                                  
Reading "sg13cmos5l_or4_2".                                                     
Reading "sg13cmos5l_or4_1".                                                     
Reading "sg13cmos5l_or3_2".                                                     
Reading "sg13cmos5l_or3_1".                                                     
Reading "sg13cmos5l_or2_2".                                                     
Reading "sg13cmos5l_or2_1".                                                     
Reading "sg13cmos5l_o21ai_1".                                                   
Reading "sg13cmos5l_nor4_2".                                                    
Reading "sg13cmos5l_nor4_1".                                                    
Reading "sg13cmos5l_nor3_2".                                                    
Reading "sg13cmos5l_nor3_1".                                                    
Reading "sg13cmos5l_nor2b_2".                                                   
Reading "sg13cmos5l_nor2b_1".                                                   
Reading "sg13cmos5l_nor2_2".                                                    
Reading "sg13cmos5l_nor2_1".                                                    
Reading "sg13cmos5l_nand4_1".                                                   
Reading "sg13cmos5l_nand3b_1".                                                  
Reading "sg13cmos5l_nand3_1".                                                   
Reading "sg13cmos5l_nand2b_2".                                                  
Reading "sg13cmos5l_nand2b_1".                                                  
Reading "sg13cmos5l_nand2_2".                                                   
Reading "sg13cmos5l_nand2_1".                                                   
Reading "sg13cmos5l_mux4_1".                                                    
Reading "sg13cmos5l_mux2_2".                                                    
Reading "sg13cmos5l_mux2_1".                                                    
Reading "sg13cmos5l_lgcp_1".                                                    
Reading "sg13cmos5l_inv_8".                                                     
Reading "sg13cmos5l_inv_4".                                                     
Reading "sg13cmos5l_inv_2".                                                     
Reading "sg13cmos5l_inv_16".                                                    
Reading "sg13cmos5l_inv_1".                                                     
Reading "sg13cmos5l_fill_8".                                                    
Reading "sg13cmos5l_fill_4".                                                    
Reading "sg13cmos5l_fill_2".                                                    
Reading "sg13cmos5l_fill_1".                                                    
Reading "sg13cmos5l_einvn_8".                                                   
Reading "sg13cmos5l_einvn_4".                                                   
Reading "sg13cmos5l_einvn_2".                                                   
Reading "sg13cmos5l_ebufn_8".                                                   
Reading "sg13cmos5l_ebufn_4".                                                   
Reading "sg13cmos5l_ebufn_2".                                                   
Reading "sg13cmos5l_dlygate4sd3_1".                                             
Reading "sg13cmos5l_dlygate4sd2_1".                                             
Reading "sg13cmos5l_dlygate4sd1_1".                                             
Reading "sg13cmos5l_dllrq_1".                                                   
Reading "sg13cmos5l_dllr_1".                                                    
Reading "sg13cmos5l_dlhrq_1".                                                   
Reading "sg13cmos5l_dlhr_1".                                                    
Reading "sg13cmos5l_dlhq_1".                                                    
Reading "sg13cmos5l_dfrbpq_2".                                                  
Reading "sg13cmos5l_dfrbpq_1".                                                  
Reading "sg13cmos5l_dfrbp_2".                                                   
Reading "sg13cmos5l_dfrbp_1".                                                   
Reading "sg13cmos5l_decap_8".                                                   
Reading "sg13cmos5l_decap_4".                                                   
Reading "sg13cmos5l_buf_8".                                                     
Reading "sg13cmos5l_buf_4".                                                     
Reading "sg13cmos5l_buf_2".                                                     
Reading "sg13cmos5l_buf_16".                                                    
Reading "sg13cmos5l_buf_1".                                                     
Reading "sg13cmos5l_antennanp".                                                 
Reading "sg13cmos5l_and4_2".                                                    
Reading "sg13cmos5l_and4_1".                                                    
Reading "sg13cmos5l_and3_2".                                                    
Reading "sg13cmos5l_and3_1".                                                    
Reading "sg13cmos5l_and2_2".                                                    
Reading "sg13cmos5l_and2_1".                                                    
Reading "sg13cmos5l_a22oi_1".                                                   
Reading "sg13cmos5l_a221oi_1".                                                  
Reading "sg13cmos5l_a21oi_2".                                                   
Reading "sg13cmos5l_a21oi_1".                                                   
Reading "sg13cmos5l_a21o_2".                                                    
Reading "sg13cmos5l_a21o_1".                                                    
> gds read                                                                      
/home/wayne/devel/jane/hardcaml_asic/.toolchain/pdk/ihp-sg13cmos5l/libs.ref/sg13
cmos5l_sram/gds/RM_IHPSG13_1P_256x16_c2_bm_bist.gds                             
Warning: Calma reading is not undoable!  I hope that's OK.                      
Library written using GDS-II Release 6.0                                        
Library name: LIB                                                               
Reading "VIA_M1_Activ_db_0x02835b9b".                                           
Reading "M1_GatPoly_CDNS_7564811192548".                                        
Saving contents of cell M1_GatPoly_CDNS_7564811192548                           
Reading "RM_IHPSG13_1P_BITKIT_CELL_SUB".                                        
Reading "lvsres_db_0x02834b9a".                                                 
Reading "lvsres_db_0x0283509a".                                                 
Reading "RM_IHPSG13_1P_BITKIT_CELL".                                            
Reading "RM_IHPSG13_1P_BITKIT_CELL_2x1".                                        
Reading "RM_IHPSG13_1P_BITKIT_TAP".                                             
Reading "RM_IHPSG13_1P_BITKIT_16x2_EDGE_TB".                                    
Reading "RM_IHPSG13_1P_BITKIT_16x2_SRAM".                                       
Reading "viagen34_CDNS_7564811192549".                                          
Saving contents of cell viagen34_CDNS_7564811192549                             
Reading "RM_IHPSG13_1P_BITKIT_CELL_CORNER".                                     
Reading "RM_IHPSG13_1P_BITKIT_EDGE_LR".                                         
Reading "lvsres_db_0x04007e9a".                                                 
Reading "viagen23_CDNS_7564811192547".                                          
Saving contents of cell viagen23_CDNS_7564811192547                             
Reading "lvsres_db_0x0400b71a".                                                 
Reading "RSC_IHPSG13_NOR3X2".                                                   
Reading "RSC_IHPSG13_LHPQX2".                                                   
Reading "RSC_IHPSG13_NAND3X2".                                                  
Reading "M3_M2_CDNS_7564811192546".                                             
Saving contents of cell M3_M2_CDNS_7564811192546                                
Reading "RSC_IHPSG13_NAND2X2".                                                  
Reading "RSC_IHPSG13_FILLCAP8".                                                 
Reading "M3_M2_CDNS_7564811192539".                                             
Saving contents of cell M3_M2_CDNS_7564811192539                                
Reading "RSC_IHPSG13_FILL2".                                                    
Reading "M3_M2_CDNS_7564811192536".                                             
Saving contents of cell M3_M2_CDNS_7564811192536                                
Reading "viagen34_CDNS_7564811192535".                                          
Saving contents of cell viagen34_CDNS_7564811192535                             
Reading "viagen34_CDNS_7564811192534".                                          
Saving contents of cell viagen34_CDNS_7564811192534                             
Reading "viagen23_CDNS_7564811192532".                                          
Saving contents of cell viagen23_CDNS_7564811192532                             
Reading "RSC_IHPSG13_FILL1".                                                    
Reading "RSC_IHPSG13_INVX4".                                                    
Reading "RSC_IHPSG13_INVX2".                                                    
Reading "viagen12_CDNS_7564811192529".                                          
Saving contents of cell viagen12_CDNS_7564811192529                             
Reading "viagen23_CDNS_7564811192528".                                          
Saving contents of cell viagen23_CDNS_7564811192528                             
Reading "viagen12_CDNS_7564811192527".                                          
Saving contents of cell viagen12_CDNS_7564811192527                             
Reading "viagen12_CDNS_7564811192526".                                          
Saving contents of cell viagen12_CDNS_7564811192526                             
Reading "viagen23_CDNS_7564811192525".                                          
Saving contents of cell viagen23_CDNS_7564811192525                             
Reading "viagen23_CDNS_7564811192524".                                          
Saving contents of cell viagen23_CDNS_7564811192524                             
Reading "M2_M1_CDNS_7564811192523".                                             
Saving contents of cell M2_M1_CDNS_7564811192523                                
Reading "viagen12_CDNS_7564811192522".                                          
Saving contents of cell viagen12_CDNS_7564811192522                             
Reading "viagen12_CDNS_7564811192521".                                          
Saving contents of cell viagen12_CDNS_7564811192521                             
Reading "viagen23_CDNS_7564811192520".                                          
Saving contents of cell viagen23_CDNS_7564811192520                             
Reading "RSC_IHPSG13_DFPQD_MSAFFX2N_half".                                      
Reading "RSC_IHPSG13_CINVX2".                                                   
Reading "RSC_IHPSG13_FILLCAP4".                                                 
Reading "M2_M1_CDNS_7564811192518".                                             
Saving contents of cell M2_M1_CDNS_7564811192518                                
Reading "M2_M1_CDNS_7564811192511".                                             
Saving contents of cell M2_M1_CDNS_7564811192511                                
Reading "RM_IHPSG13_1P_COLUMN_64".                                              
Reading "RM_IHPSG13_1P_BITKIT_16x2_CORNER".                                     
Reading "RM_IHPSG13_1P_BITKIT_16x2_LE_con_corner".                              
Reading "RM_IHPSG13_1P_BITKIT_16x2_POWER_ramblk".                               
Reading "RM_IHPSG13_1P_BITKIT_16x2_EDGE_LR".                                    
Reading "RM_IHPSG13_1P_BITKIT_16x2_LE_con_edge_lr".                             
Reading "RSC_IHPSG13_CDLYX1_DUMMY".                                             
Reading "RM_IHPSG13_1P_ROWREG0".                                                
Reading "RM_IHPSG13_1P_DEC00".                                                  
Reading "RM_IHPSG13_1P_DEC04".                                                  
Reading "RM_IHPSG13_1P_DEC_LE_l1empty".                                         
Reading "RM_IHPSG13_1P_DEC01".                                                  
Reading "RM_IHPSG13_1P_DEC_LE_l0wire".                                          
Reading "RM_IHPSG13_1P_DEC03".                                                  
Reading "RM_IHPSG13_1P_DEC_LE_l2empty".                                         
Reading "RM_IHPSG13_1P_DEC02".                                                  
Reading "RM_IHPSG13_1P_DEC_LE_tap".                                             
Reading "RM_IHPSG13_1P_ROWDEC0".                                                
Reading "RSC_IHPSG13_WLDRVX4".                                                  
Reading "viagen12_CDNS_7564811192545".                                          
Saving contents of cell viagen12_CDNS_7564811192545                             
Reading "M2_M1_CDNS_7564811192544".                                             
Saving contents of cell M2_M1_CDNS_7564811192544                                
Reading "M3_M2_CDNS_7564811192543".                                             
Saving contents of cell M3_M2_CDNS_7564811192543                                
Reading "M3_M2_CDNS_7564811192542".                                             
Saving contents of cell M3_M2_CDNS_7564811192542                                
Reading "RSC_IHPSG13_CBUFX4".                                                   
Reading "M3_M2_CDNS_7564811192541".                                             
Saving contents of cell M3_M2_CDNS_7564811192541                                
Reading "viagen23_CDNS_7564811192540".                                          
Saving contents of cell viagen23_CDNS_7564811192540                             
Reading "RSC_IHPSG13_CDLYX1".                                                   
Reading "RSC_IHPSG13_MX2IX1".                                                   
Reading "RSC_IHPSG13_CBUFX8".                                                   
Reading "RSC_IHPSG13_TIEL".                                                     
Reading "RSC_IHPSG13_OA12X1".                                                   
Reading "RSC_IHPSG13_CNAND2X2".                                                 
Reading "RSC_IHPSG13_DFNQX2".                                                   
Reading "RSC_IHPSG13_XOR2X2".                                                   
Reading "RSC_IHPSG13_CINVX4".                                                   
Reading "RSC_IHPSG13_CGATEPX4".                                                 
Reading "RSC_IHPSG13_MX2X2".                                                    
Reading "RSC_IHPSG13_CDLYX2".                                                   
Reading "RSC_IHPSG13_CINVX8".                                                   
Reading "viagen12_CDNS_7564811192538".                                          
Saving contents of cell viagen12_CDNS_7564811192538                             
Reading "viagen12_CDNS_7564811192537".                                          
Saving contents of cell viagen12_CDNS_7564811192537                             
Reading "M3_M2_CDNS_7564811192533".                                             
Saving contents of cell M3_M2_CDNS_7564811192533                                
Reading "M3_M2_CDNS_7564811192531".                                             
Saving contents of cell M3_M2_CDNS_7564811192531                                
Reading "viagen23_CDNS_7564811192530".                                          
Saving contents of cell viagen23_CDNS_7564811192530                             
Reading "RSC_IHPSG13_CBUFX2".                                                   
Reading "RSC_IHPSG13_TIEH".                                                     
Reading "RM_IHPSG13_1P_BLDRV".                                                  
Reading "RSC_IHPSG13_CINVX4_WN".                                                
Reading "RSC_IHPSG13_NOR2X2".                                                   
Reading "lvsres_db_0x0283151a".                                                 
Reading "RSC_IHPSG13_DFPQD_MSAFFX2N".                                           
Reading "RSC_IHPSG13_AND2X2".                                                   
Reading "RSC_IHPSG13_DFNQMX2IX1".                                               
Reading "viagen12_CDNS_7564811192519".                                          
Saving contents of cell viagen12_CDNS_7564811192519                             
Reading "M3_M2_CDNS_7564811192517".                                             
Saving contents of cell M3_M2_CDNS_7564811192517                                
Reading "viagen23_CDNS_7564811192516".                                          
Saving contents of cell viagen23_CDNS_7564811192516                             
Reading "viagen23_CDNS_7564811192515".                                          
Saving contents of cell viagen23_CDNS_7564811192515                             
Reading "M3_M2_CDNS_7564811192514".                                             
Saving contents of cell M3_M2_CDNS_7564811192514                                
Reading "M3_M2_CDNS_7564811192513".                                             
Saving contents of cell M3_M2_CDNS_7564811192513                                
Reading "M2_M1_CDNS_7564811192512".                                             
Saving contents of cell M2_M1_CDNS_7564811192512                                
Reading "M3_M2_CDNS_7564811192510".                                             
Saving contents of cell M3_M2_CDNS_7564811192510                                
Reading "viagen34_CDNS_756481119259".                                           
Saving contents of cell viagen34_CDNS_756481119259                              
Reading "viagen23_CDNS_756481119258".                                           
Saving contents of cell viagen23_CDNS_756481119258                              
Reading "M2_M1_CDNS_756481119257".                                              
Saving contents of cell M2_M1_CDNS_756481119257                                 
Reading "M3_M2_CDNS_756481119256".                                              
Saving contents of cell M3_M2_CDNS_756481119256                                 
Reading "M3_M2_CDNS_756481119255".                                              
Saving contents of cell M3_M2_CDNS_756481119255                                 
Reading "viagen23_CDNS_756481119254".                                           
Saving contents of cell viagen23_CDNS_756481119254                              
Reading "M2_M1_CDNS_756481119253".                                              
Saving contents of cell M2_M1_CDNS_756481119253                                 
Reading "M2_M1_CDNS_756481119252".                                              
Saving contents of cell M2_M1_CDNS_756481119252                                 
Reading "M2_M1_CDNS_756481119251".                                              
Saving contents of cell M2_M1_CDNS_756481119251                                 
Reading "viagen12_CDNS_756481119250".                                           
Saving contents of cell viagen12_CDNS_756481119250                              
Reading "RM_IHPSG13_1P_MATRIX_64x32".                                           
Reading "RM_IHPSG13_1P_DLY_0".                                                  
Reading "RM_IHPSG13_1P_DLY_1".                                                  
Reading "RM_IHPSG13_1P_ROWREG6".                                                
Reading "RM_IHPSG13_1P_ROWDEC6".                                                
Reading "RM_IHPSG13_1P_WLDRV16X4_tap".                                          
Reading "RM_IHPSG13_1P_WLDRV16X4".                                              
Reading "RM_IHPSG13_1P_COLDRV13_FILL1".                                         
Reading "RM_IHPSG13_1P_COLDRV13X4".                                             
Reading "RM_IHPSG13_1P_DLY_MUX".                                                
Reading "RM_IHPSG13_1P_COLDEC2".                                                
Reading "RM_IHPSG13_1P_CTRL".                                                   
Reading "RM_IHPSG13_1P_COLDRV13_FILL4C2".                                       
Reading "RM_IHPSG13_1P_COLDRV13_FILL1C2".                                       
Reading "RM_IHPSG13_1P_COLDRV13_FILL4".                                         
Reading "RM_IHPSG13_1P_COLCTRL2".                                               
Reading "RM_IHPSG13_1P_COLCTRL2_end".                                           
Reading "RM_IHPSG13_1P_256x16_c2_bm_bist".                                      
> gds read                                                                      
/home/wayne/devel/jane/hardcaml_asic/.toolchain/pdk/ihp-sg13cmos5l/libs.ref/sg13
cmos5l_io/gds/sg13cmos5l_io.gds                                                 
Warning: Calma reading is not undoable!  I hope that's OK.                      
Library written using GDS-II Release 5.0                                        
Library name: sg13cmos5l_io                                                     
Reading "sg13cmos5l_DCPDiode".                                                  
Reading "sg13cmos5l_DCNDiode".                                                  
Reading "sg13cmos5l_IOPadIOVss".                                                
Reading "sg13cmos5l_SecondaryProtection".                                       
Reading "sg13cmos5l_LevelDown".                                                 
Reading "sg13cmos5l_IOPadIn".                                                   
Reading "sg13cmos5l_Filler10000".                                               
Reading "sg13cmos5l_io_nand2_x1".                                               
Reading "sg13cmos5l_io_inv_x1".                                                 
Reading "sg13cmos5l_io_tie".                                                    
Reading "sg13cmos5l_io_nor2_x1".                                                
Reading "sg13cmos5l_LevelUp".                                                   
Reading "sg13cmos5l_GateDecode".                                                
Reading "sg13cmos5l_Clamp_P2N2D".                                               
Reading "sg13cmos5l_Clamp_N2N2D".                                               
Reading "sg13cmos5l_IOPadInOut4mA".                                             
Reading "sg13cmos5l_Clamp_P8N8D".                                               
Reading "sg13cmos5l_Clamp_N8N8D".                                               
Reading "sg13cmos5l_IOPadInOut16mA".                                            
Reading "sg13cmos5l_LevelUpInv".                                                
Reading "sg13cmos5l_GateLevelUpInv".                                            
Reading "sg13cmos5l_IOPadOut4mA".                                               
Reading "sg13cmos5l_IOPadOut16mA".                                              
Reading "sg13cmos5l_IOPadTriOut4mA".                                            
Reading "sg13cmos5l_Clamp_P15N15D".                                             
Reading "sg13cmos5l_Clamp_N15N15D".                                             
Reading "sg13cmos5l_IOPadInOut30mA".                                            
Reading "sg13cmos5l_IOPadOut30mA".                                              
Reading "sg13cmos5l_IOPadTriOut16mA".                                           
Reading "sg13cmos5l_IOPadTriOut30mA".                                           
Reading "sg13cmos5l_RCClampResistor".                                           
Reading "sg13cmos5l_RCClampInverter".                                           
Reading "sg13cmos5l_Clamp_N43N43D4R".                                           
Reading "sg13cmos5l_IOPadVdd".                                                  
Reading "sg13cmos5l_Filler200".                                                 
Reading "sg13cmos5l_Filler400".                                                 
Reading "sg13cmos5l_Filler1000".                                                
Reading "sg13cmos5l_Filler2000".                                                
Reading "sg13cmos5l_Filler4000".                                                
Reading "sg13cmos5l_Clamp_P20N0D".                                              
Reading "sg13cmos5l_Clamp_N20N0D".                                              
Reading "sg13cmos5l_IOPadAnalog".                                               
Reading "sg13cmos5l_IOPadIOVdd".                                                
Reading "sg13cmos5l_Corner".                                                    
Reading "sg13cmos5l_IOPadVss".                                                  
Reading "sg13cmos5l_Gallery".                                                   
Cell (REFRESHLAYOUT?) couldn't be read                                          
No such file or directory                                                       
Creating new cell                                                               
> def read                                                                      
/home/wayne/devel/jane/hardcaml_asic/experiments/sram_flow_feasibility/runs/atte
mpt-005-full/53-odb-cellfrequencytables/tt_um_sram_probe.def -noblockage        
Reading DEF data from file                                                      
/home/wayne/devel/jane/hardcaml_asic/experiments/sram_flow_feasibility/runs/atte
mpt-005-full/53-odb-cellfrequencytables/tt_um_sram_probe.def.                   
This action cannot be undone.                                                   
  Processed 3 vias total.                                                       
  Processed 68758 subcell instances total.                                      
  Processed 45 pins total.                                                      
  Processed 2 special nets total.                                               
  Processed 213 nets total.                                                     
DEF read: Processed 85476 lines.                                                
[INFO] Ignoring 'VPWR VGND'                                                     
[INFO] Writing abstract LEF…                                                    
[INFO] Specifying -pinonly (nets connected to pins on the same layer are        
declared as obstructions)…                                                      
Generating LEF output                                                           
/home/wayne/devel/jane/hardcaml_asic/experiments/sram_flow_feasibility/runs/atte
mpt-005-full/60-magic-writelef/tt_um_sram_probe.lef for cell tt_um_sram_probe:  
Diagnostic:  Write LEF header for cell tt_um_sram_probe                         
Diagnostic:  Writing LEF output for cell tt_um_sram_probe                       
Diagnostic:  Scale value is 0.005000                                            
[INFO] LEF Write Complete.                                                      
────── Check Antenna Properties of Pins in The Generated Design LEF view ───────
[19:35:43] VERBOSE  Running 'Odb.CheckDesignAntennaProperties' at   step.py:1138
                    'experiments/sram_flow_feasibility/runs/attempt             
                    -005-full/61-odb-checkdesignantennaproperties'…             
[19:35:43] VERBOSE  Logging subprocess to                           step.py:1338
                    'experiments/sram_flow_feasibility/runs/attempt             
                    -005-full/61-odb-checkdesignantennaproperties/o             
                    db-checkdesignantennaproperties.log'…                       
[INFO ODB-0227] LEF file:                                                       
/home/wayne/devel/jane/hardcaml_asic/.toolchain/pdk/ihp-sg13cmos5l/libs.ref/sg13
cmos5l_stdcell/lef/sg13cmos5l_tech.lef, created 15 layers, 52 vias              
[INFO ODB-0227] LEF file:                                                       
/home/wayne/devel/jane/hardcaml_asic/.toolchain/pdk/ihp-sg13cmos5l/libs.ref/sg13
cmos5l_stdcell/lef/sg13cmos5l_stdcell.lef, created 84 library cells             
[INFO ODB-0227] LEF file:                                                       
/home/wayne/devel/jane/hardcaml_asic/.toolchain/pdk/ihp-sg13cmos5l/libs.ref/sg13
cmos5l_io/lef/sg13cmos5l_io.lef, created 22 library cells                       
The NOWIREEXTENSIONATPIN statement will be ignored. See file                    
/home/wayne/devel/jane/hardcaml_asic/experiments/sram_flow_feasibility/runs/atte
mpt-005-full/60-magic-writelef/tt_um_sram_probe.lef at line 2.                  
                                                                                
[INFO ODB-0227] LEF file:                                                       
/home/wayne/devel/jane/hardcaml_asic/experiments/sram_flow_feasibility/runs/atte
mpt-005-full/60-magic-writelef/tt_um_sram_probe.lef, created 1 library cells    
[INFO ODB-0127] Reading DEF file: /tmp/tmpwsq7815u                              
[INFO ODB-0128] Design: empty                                                   
[INFO ODB-0134] Finished DEF file: /tmp/tmpwsq7815u                             
[19:35:44] INFO     Gating variable for step 'KLayout.XOR' set sequential.py:362
                    to 'False'- the step will be skipped.                       
[19:35:44] INFO     Skipping step 'KLayout vs. Magic XOR'…     sequential.py:370
[19:35:44] INFO     Gating variable for step 'Checker.XOR' set sequential.py:362
                    to 'False'- the step will be skipped.                       
[19:35:44] INFO     Skipping step 'XOR Difference Checker'…    sequential.py:370
────────────────────────────── Design Rule Checks ──────────────────────────────
[19:35:44] VERBOSE  Running 'Magic.DRC' at                          step.py:1138
                    'experiments/sram_flow_feasibility/runs/attempt             
                    -005-full/62-magic-drc'…                                    
[19:35:44] VERBOSE  Logging subprocess to                           step.py:1338
                    'experiments/sram_flow_feasibility/runs/attempt             
                    -005-full/62-magic-drc/magic-drc.log'…                      
                                                                                
Magic 8.3 revision 674 - Compiled on Sat Jul 11 12:11:55 UTC 2026.              
Starting magic under Tcl interpreter                                            
Using the terminal as the console.                                              
Using NULL graphics device.                                                     
Processing system .magicrc file                                                 
Switching to WIRING tool.                                                       
Switching to NETLIST tool.                                                      
Switching to PICK tool.                                                         
Switching to BOX tool.                                                          
Sourcing design .magicrc for technology ihp-sg13cmos5l ...                      
2 Magic internal units = 1 Lambda                                               
Input style sg13cmos5l(): scaleFactor=2, multiplier=2                           
The following types are not handled by extraction and will be treated as        
non-electrical types:                                                           
    pblock pbase sealcont difffill sealvia1 sealvia2 sealvia3 sealvia4 seal     
glass thruvia inductor                                                          
Scaled tech values by 2 / 1 to match internal grid scaling                      
Loading ihp-sg13cmos5l Device Generator Menu ...                                
Loading                                                                         
"/nix/store/6a08ghhhzl5a07nr0ly762yh1ah6m5bj-python3-3.13.13-env/lib/python3.13/
site-packages/librelane/scripts/magic/wrapper.tcl" from command line.           
> lef read                                                                      
/home/wayne/devel/jane/hardcaml_asic/.toolchain/pdk/ihp-sg13cmos5l/libs.ref/sg13
cmos5l_stdcell/lef/sg13cmos5l_tech.lef                                          
Reading LEF data from file                                                      
/home/wayne/devel/jane/hardcaml_asic/.toolchain/pdk/ihp-sg13cmos5l/libs.ref/sg13
cmos5l_stdcell/lef/sg13cmos5l_tech.lef.                                         
This action cannot be undone.                                                   
LEF read, Line 82 (Message): Unknown keyword "MAXIMUMDENSITY" in LEF file;      
ignoring.                                                                       
LEF read, Line 83 (Message): Unknown keyword "DENSITYCHECKSTEP" in LEF file;    
ignoring.                                                                       
LEF read, Line 84 (Message): Unknown keyword "DENSITYCHECKWINDOW" in LEF file;  
ignoring.                                                                       
LEF read, Line 90 (Message): Unknown keyword "MINIMUMCUT" in LEF file; ignoring.
LEF read, Line 94 (Message): Unknown keyword "ANTENNACUMAREARATIO" in LEF file; 
ignoring.                                                                       
LEF read, Line 95 (Message): Unknown keyword "ANTENNACUMDIFFAREARATIO" in LEF   
file; ignoring.                                                                 
LEF read, Line 124 (Message): Unknown keyword "MAXIMUMDENSITY" in LEF file;     
ignoring.                                                                       
LEF read, Line 125 (Message): Unknown keyword "DENSITYCHECKSTEP" in LEF file;   
ignoring.                                                                       
LEF read, Line 126 (Message): Unknown keyword "DENSITYCHECKWINDOW" in LEF file; 
ignoring.                                                                       
LEF read, Line 132 (Message): Unknown keyword "MINIMUMCUT" in LEF file;         
ignoring.                                                                       
LEF read, Line 137 (Message): Unknown keyword "ANTENNACUMAREARATIO" in LEF file;
ignoring.                                                                       
LEF read, Line 138 (Message): Unknown keyword "ANTENNACUMDIFFAREARATIO" in LEF  
file; ignoring.                                                                 
LEF read, Line 165 (Message): Unknown keyword "MAXIMUMDENSITY" in LEF file;     
ignoring.                                                                       
LEF read, Line 166 (Message): Unknown keyword "DENSITYCHECKSTEP" in LEF file;   
ignoring.                                                                       
LEF read, Line 167 (Message): Unknown keyword "DENSITYCHECKWINDOW" in LEF file; 
ignoring.                                                                       
LEF read, Line 173 (Message): Unknown keyword "MINIMUMCUT" in LEF file;         
ignoring.                                                                       
LEF read, Line 178 (Message): Unknown keyword "ANTENNACUMAREARATIO" in LEF file;
ignoring.                                                                       
LEF read, Line 179 (Message): Unknown keyword "ANTENNACUMDIFFAREARATIO" in LEF  
file; ignoring.                                                                 
LEF read, Line 207 (Message): Unknown keyword "MAXIMUMDENSITY" in LEF file;     
ignoring.                                                                       
LEF read, Line 208 (Message): Unknown keyword "DENSITYCHECKSTEP" in LEF file;   
ignoring.                                                                       
LEF read, Line 209 (Message): Unknown keyword "DENSITYCHECKWINDOW" in LEF file; 
ignoring.                                                                       
LEF read, Line 215 (Message): Unknown keyword "MINIMUMCUT" in LEF file;         
ignoring.                                                                       
LEF read, Line 220 (Message): Unknown keyword "ANTENNACUMAREARATIO" in LEF file;
ignoring.                                                                       
LEF read, Line 221 (Message): Unknown keyword "ANTENNACUMDIFFAREARATIO" in LEF  
file; ignoring.                                                                 
LEF read, Line 247 (Message): Unknown keyword "MAXIMUMDENSITY" in LEF file;     
ignoring.                                                                       
LEF read, Line 248 (Message): Unknown keyword "DENSITYCHECKSTEP" in LEF file;   
ignoring.                                                                       
LEF read, Line 249 (Message): Unknown keyword "DENSITYCHECKWINDOW" in LEF file; 
ignoring.                                                                       
LEF read, Line 254 (Message): Unknown keyword "ANTENNACUMAREARATIO" in LEF file;
ignoring.                                                                       
LEF read, Line 255 (Message): Unknown keyword "ANTENNACUMDIFFAREARATIO" in LEF  
file; ignoring.                                                                 
LEF read: Processed 901 lines.                                                  
> lef read                                                                      
/home/wayne/devel/jane/hardcaml_asic/.toolchain/pdk/ihp-sg13cmos5l/libs.ref/sg13
cmos5l_stdcell/lef/sg13cmos5l_stdcell.lef                                       
Reading LEF data from file                                                      
/home/wayne/devel/jane/hardcaml_asic/.toolchain/pdk/ihp-sg13cmos5l/libs.ref/sg13
cmos5l_stdcell/lef/sg13cmos5l_stdcell.lef.                                      
This action cannot be undone.                                                   
LEF read, Line 6473 (Message): Unknown keyword "ANTENNAMAXCUTCAR" in LEF file;  
ignoring.                                                                       
LEF read: Processed 7927 lines.                                                 
> lef read                                                                      
/home/wayne/devel/jane/hardcaml_asic/.toolchain/pdk/ihp-sg13cmos5l/libs.ref/sg13
cmos5l_sram/lef/RM_IHPSG13_1P_256x16_c2_bm_bist.lef                             
Reading LEF data from file                                                      
/home/wayne/devel/jane/hardcaml_asic/.toolchain/pdk/ihp-sg13cmos5l/libs.ref/sg13
cmos5l_sram/lef/RM_IHPSG13_1P_256x16_c2_bm_bist.lef.                            
This action cannot be undone.                                                   
LEF read, Line 1468 (Message): Unknown keyword "ANTENNAMAXCUTCAR" in LEF file;  
ignoring.                                                                       
LEF read: Processed 2412 lines.                                                 
> lef read                                                                      
/home/wayne/devel/jane/hardcaml_asic/.toolchain/pdk/ihp-sg13cmos5l/libs.ref/sg13
cmos5l_io/lef/sg13cmos5l_io.lef                                                 
Reading LEF data from file                                                      
/home/wayne/devel/jane/hardcaml_asic/.toolchain/pdk/ihp-sg13cmos5l/libs.ref/sg13
cmos5l_io/lef/sg13cmos5l_io.lef.                                                
This action cannot be undone.                                                   
LEF read: Processed 3056 lines.                                                 
> def read                                                                      
/home/wayne/devel/jane/hardcaml_asic/experiments/sram_flow_feasibility/runs/atte
mpt-005-full/53-odb-cellfrequencytables/tt_um_sram_probe.def -noblockage        
Reading DEF data from file                                                      
/home/wayne/devel/jane/hardcaml_asic/experiments/sram_flow_feasibility/runs/atte
mpt-005-full/53-odb-cellfrequencytables/tt_um_sram_probe.def.                   
This action cannot be undone.                                                   
  Processed 3 vias total.                                                       
  Processed 68758 subcell instances total.                                      
  Processed 45 pins total.                                                      
  Processed 2 special nets total.                                               
  Processed 213 nets total.                                                     
DEF read: Processed 85476 lines.                                                
[INFO] Loading tt_um_sram_probe                                                 
                                                                                
DRC style is now "drc(full)"                                                    
Loading DRC CIF style.                                                          
[INFO] COUNT: 4                                                                 
[INFO] Should be divided by 3 or 4                                              
[INFO] DRC Checking DONE                                                        
(/home/wayne/devel/jane/hardcaml_asic/experiments/sram_flow_feasibility/runs/att
empt-005-full/62-magic-drc/reports/drc.magic.rpt)                               
[INFO] Saving mag view with DRC errors                                          
(/home/wayne/devel/jane/hardcaml_asic/experiments/sram_flow_feasibility/runs/att
empt-005-full/62-magic-drc/views/tt_um_sram_probe.drc.mag)                      
[INFO] Saved                                                                    
[19:38:41] INFO     Gating variable for step 'KLayout.DRC' set sequential.py:362
                    to 'False'- the step will be skipped.                       
[19:38:41] INFO     Skipping step 'Design Rule Check           sequential.py:370
                    (KLayout)'…                                                 
────────────────────────── Magic Design Rule Checker ───────────────────────────
[19:38:41] VERBOSE  Running 'Checker.MagicDRC' at                   step.py:1138
                    'experiments/sram_flow_feasibility/runs/attempt             
                    -005-full/63-checker-magicdrc'…                             
[19:38:41] ERROR    4 Magic DRC errors found. - deferred          checker.py:124
[19:38:41] INFO     Gating variable for step                   sequential.py:362
                    'Checker.KLayoutDRC' set to 'False'- the                    
                    step will be skipped.                                       
[19:38:41] INFO     Skipping step 'KLayout DRC Checker'…       sequential.py:370
──────────────────────────── SPICE Model Extraction ────────────────────────────
[19:38:41] VERBOSE  Running 'Magic.SpiceExtraction' at              step.py:1138
                    'experiments/sram_flow_feasibility/runs/attempt             
                    -005-full/64-magic-spiceextraction'…                        
[19:38:41] VERBOSE  Logging subprocess to                           step.py:1338
                    'experiments/sram_flow_feasibility/runs/attempt             
                    -005-full/64-magic-spiceextraction/magic-spicee             
                    xtraction.log'…                                             
                                                                                
Magic 8.3 revision 674 - Compiled on Sat Jul 11 12:11:55 UTC 2026.              
Starting magic under Tcl interpreter                                            
Using the terminal as the console.                                              
Using NULL graphics device.                                                     
Processing system .magicrc file                                                 
Switching to WIRING tool.                                                       
Switching to NETLIST tool.                                                      
Switching to PICK tool.                                                         
Switching to BOX tool.                                                          
Sourcing design .magicrc for technology ihp-sg13cmos5l ...                      
2 Magic internal units = 1 Lambda                                               
Input style sg13cmos5l(): scaleFactor=2, multiplier=2                           
The following types are not handled by extraction and will be treated as        
non-electrical types:                                                           
    pblock pbase sealcont difffill sealvia1 sealvia2 sealvia3 sealvia4 seal     
glass thruvia inductor                                                          
Scaled tech values by 2 / 1 to match internal grid scaling                      
Loading ihp-sg13cmos5l Device Generator Menu ...                                
Loading                                                                         
"/nix/store/6a08ghhhzl5a07nr0ly762yh1ah6m5bj-python3-3.13.13-env/lib/python3.13/
site-packages/librelane/scripts/magic/wrapper.tcl" from command line.           
> lef read                                                                      
/home/wayne/devel/jane/hardcaml_asic/.toolchain/pdk/ihp-sg13cmos5l/libs.ref/sg13
cmos5l_stdcell/lef/sg13cmos5l_tech.lef                                          
Reading LEF data from file                                                      
/home/wayne/devel/jane/hardcaml_asic/.toolchain/pdk/ihp-sg13cmos5l/libs.ref/sg13
cmos5l_stdcell/lef/sg13cmos5l_tech.lef.                                         
This action cannot be undone.                                                   
LEF read, Line 82 (Message): Unknown keyword "MAXIMUMDENSITY" in LEF file;      
ignoring.                                                                       
LEF read, Line 83 (Message): Unknown keyword "DENSITYCHECKSTEP" in LEF file;    
ignoring.                                                                       
LEF read, Line 84 (Message): Unknown keyword "DENSITYCHECKWINDOW" in LEF file;  
ignoring.                                                                       
LEF read, Line 90 (Message): Unknown keyword "MINIMUMCUT" in LEF file; ignoring.
LEF read, Line 94 (Message): Unknown keyword "ANTENNACUMAREARATIO" in LEF file; 
ignoring.                                                                       
LEF read, Line 95 (Message): Unknown keyword "ANTENNACUMDIFFAREARATIO" in LEF   
file; ignoring.                                                                 
LEF read, Line 124 (Message): Unknown keyword "MAXIMUMDENSITY" in LEF file;     
ignoring.                                                                       
LEF read, Line 125 (Message): Unknown keyword "DENSITYCHECKSTEP" in LEF file;   
ignoring.                                                                       
LEF read, Line 126 (Message): Unknown keyword "DENSITYCHECKWINDOW" in LEF file; 
ignoring.                                                                       
LEF read, Line 132 (Message): Unknown keyword "MINIMUMCUT" in LEF file;         
ignoring.                                                                       
LEF read, Line 137 (Message): Unknown keyword "ANTENNACUMAREARATIO" in LEF file;
ignoring.                                                                       
LEF read, Line 138 (Message): Unknown keyword "ANTENNACUMDIFFAREARATIO" in LEF  
file; ignoring.                                                                 
LEF read, Line 165 (Message): Unknown keyword "MAXIMUMDENSITY" in LEF file;     
ignoring.                                                                       
LEF read, Line 166 (Message): Unknown keyword "DENSITYCHECKSTEP" in LEF file;   
ignoring.                                                                       
LEF read, Line 167 (Message): Unknown keyword "DENSITYCHECKWINDOW" in LEF file; 
ignoring.                                                                       
LEF read, Line 173 (Message): Unknown keyword "MINIMUMCUT" in LEF file;         
ignoring.                                                                       
LEF read, Line 178 (Message): Unknown keyword "ANTENNACUMAREARATIO" in LEF file;
ignoring.                                                                       
LEF read, Line 179 (Message): Unknown keyword "ANTENNACUMDIFFAREARATIO" in LEF  
file; ignoring.                                                                 
LEF read, Line 207 (Message): Unknown keyword "MAXIMUMDENSITY" in LEF file;     
ignoring.                                                                       
LEF read, Line 208 (Message): Unknown keyword "DENSITYCHECKSTEP" in LEF file;   
ignoring.                                                                       
LEF read, Line 209 (Message): Unknown keyword "DENSITYCHECKWINDOW" in LEF file; 
ignoring.                                                                       
LEF read, Line 215 (Message): Unknown keyword "MINIMUMCUT" in LEF file;         
ignoring.                                                                       
LEF read, Line 220 (Message): Unknown keyword "ANTENNACUMAREARATIO" in LEF file;
ignoring.                                                                       
LEF read, Line 221 (Message): Unknown keyword "ANTENNACUMDIFFAREARATIO" in LEF  
file; ignoring.                                                                 
LEF read, Line 247 (Message): Unknown keyword "MAXIMUMDENSITY" in LEF file;     
ignoring.                                                                       
LEF read, Line 248 (Message): Unknown keyword "DENSITYCHECKSTEP" in LEF file;   
ignoring.                                                                       
LEF read, Line 249 (Message): Unknown keyword "DENSITYCHECKWINDOW" in LEF file; 
ignoring.                                                                       
LEF read, Line 254 (Message): Unknown keyword "ANTENNACUMAREARATIO" in LEF file;
ignoring.                                                                       
LEF read, Line 255 (Message): Unknown keyword "ANTENNACUMDIFFAREARATIO" in LEF  
file; ignoring.                                                                 
LEF read: Processed 901 lines.                                                  
> lef read                                                                      
/home/wayne/devel/jane/hardcaml_asic/.toolchain/pdk/ihp-sg13cmos5l/libs.ref/sg13
cmos5l_stdcell/lef/sg13cmos5l_stdcell.lef                                       
Reading LEF data from file                                                      
/home/wayne/devel/jane/hardcaml_asic/.toolchain/pdk/ihp-sg13cmos5l/libs.ref/sg13
cmos5l_stdcell/lef/sg13cmos5l_stdcell.lef.                                      
This action cannot be undone.                                                   
LEF read, Line 6473 (Message): Unknown keyword "ANTENNAMAXCUTCAR" in LEF file;  
ignoring.                                                                       
LEF read: Processed 7927 lines.                                                 
> lef read                                                                      
/home/wayne/devel/jane/hardcaml_asic/.toolchain/pdk/ihp-sg13cmos5l/libs.ref/sg13
cmos5l_sram/lef/RM_IHPSG13_1P_256x16_c2_bm_bist.lef                             
Reading LEF data from file                                                      
/home/wayne/devel/jane/hardcaml_asic/.toolchain/pdk/ihp-sg13cmos5l/libs.ref/sg13
cmos5l_sram/lef/RM_IHPSG13_1P_256x16_c2_bm_bist.lef.                            
This action cannot be undone.                                                   
LEF read, Line 1468 (Message): Unknown keyword "ANTENNAMAXCUTCAR" in LEF file;  
ignoring.                                                                       
LEF read: Processed 2412 lines.                                                 
> lef read                                                                      
/home/wayne/devel/jane/hardcaml_asic/.toolchain/pdk/ihp-sg13cmos5l/libs.ref/sg13
cmos5l_io/lef/sg13cmos5l_io.lef                                                 
Reading LEF data from file                                                      
/home/wayne/devel/jane/hardcaml_asic/.toolchain/pdk/ihp-sg13cmos5l/libs.ref/sg13
cmos5l_io/lef/sg13cmos5l_io.lef.                                                
This action cannot be undone.                                                   
LEF read: Processed 3056 lines.                                                 
> def read                                                                      
/home/wayne/devel/jane/hardcaml_asic/experiments/sram_flow_feasibility/runs/atte
mpt-005-full/53-odb-cellfrequencytables/tt_um_sram_probe.def -noblockage        
Reading DEF data from file                                                      
/home/wayne/devel/jane/hardcaml_asic/experiments/sram_flow_feasibility/runs/atte
mpt-005-full/53-odb-cellfrequencytables/tt_um_sram_probe.def.                   
This action cannot be undone.                                                   
  Processed 3 vias total.                                                       
  Processed 68758 subcell instances total.                                      
  Processed 45 pins total.                                                      
  Processed 2 special nets total.                                               
  Processed 213 nets total.                                                     
DEF read: Processed 85476 lines.                                                
> spice read                                                                    
/home/wayne/devel/jane/hardcaml_asic/.toolchain/pdk/ihp-sg13cmos5l/libs.ref/sg13
cmos5l_stdcell/spice/sg13cmos5l_stdcell.spice                                   
Annotating port orders from                                                     
/home/wayne/devel/jane/hardcaml_asic/.toolchain/pdk/ihp-sg13cmos5l/libs.ref/sg13
cmos5l_stdcell/spice/sg13cmos5l_stdcell.spice                                   
Annotating cell sg13cmos5l_a21o_1                                               
Cell sg13cmos5l_a21o_1 port order was modified.                                 
Annotating cell sg13cmos5l_a21o_2                                               
Cell sg13cmos5l_a21o_2 port order was modified.                                 
Annotating cell sg13cmos5l_a21oi_1                                              
Cell sg13cmos5l_a21oi_1 port order was modified.                                
Annotating cell sg13cmos5l_a21oi_2                                              
Cell sg13cmos5l_a21oi_2 port order was modified.                                
Annotating cell sg13cmos5l_a221oi_1                                             
Cell sg13cmos5l_a221oi_1 port order was modified.                               
Annotating cell sg13cmos5l_and2_1                                               
Cell sg13cmos5l_and2_1 port order was modified.                                 
Annotating cell sg13cmos5l_and2_2                                               
Cell sg13cmos5l_and2_2 port order was modified.                                 
Annotating cell sg13cmos5l_and3_1                                               
Cell sg13cmos5l_and3_1 port order was modified.                                 
Annotating cell sg13cmos5l_and3_2                                               
Cell sg13cmos5l_and3_2 port order was modified.                                 
Annotating cell sg13cmos5l_and4_1                                               
Cell sg13cmos5l_and4_1 port order was modified.                                 
Annotating cell sg13cmos5l_and4_2                                               
Cell sg13cmos5l_and4_2 port order was modified.                                 
Annotating cell sg13cmos5l_antennanp                                            
Cell sg13cmos5l_antennanp port order was modified.                              
Annotating cell sg13cmos5l_buf_1                                                
Cell sg13cmos5l_buf_1 port order was modified.                                  
Annotating cell sg13cmos5l_buf_16                                               
Cell sg13cmos5l_buf_16 port order was modified.                                 
Annotating cell sg13cmos5l_buf_2                                                
Cell sg13cmos5l_buf_2 port order was modified.                                  
Annotating cell sg13cmos5l_buf_4                                                
Cell sg13cmos5l_buf_4 port order was modified.                                  
Annotating cell sg13cmos5l_buf_8                                                
Cell sg13cmos5l_buf_8 port order was modified.                                  
Annotating cell sg13cmos5l_decap_4                                              
Cell sg13cmos5l_decap_4 port order was modified.                                
Annotating cell sg13cmos5l_decap_8                                              
Cell sg13cmos5l_decap_8 port order was modified.                                
Annotating cell sg13cmos5l_dfrbp_1                                              
Cell sg13cmos5l_dfrbp_1 port order was modified.                                
Annotating cell sg13cmos5l_dfrbp_2                                              
Cell sg13cmos5l_dfrbp_2 port order was modified.                                
Annotating cell sg13cmos5l_dlhq_1                                               
Cell sg13cmos5l_dlhq_1 port order was modified.                                 
Annotating cell sg13cmos5l_dlhr_1                                               
Cell sg13cmos5l_dlhr_1 port order was modified.                                 
Annotating cell sg13cmos5l_dlhrq_1                                              
Cell sg13cmos5l_dlhrq_1 port order was modified.                                
Annotating cell sg13cmos5l_dllr_1                                               
Cell sg13cmos5l_dllr_1 port order was modified.                                 
Annotating cell sg13cmos5l_dllrq_1                                              
Cell sg13cmos5l_dllrq_1 port order was modified.                                
Annotating cell sg13cmos5l_dlygate4sd1_1                                        
Cell sg13cmos5l_dlygate4sd1_1 port order was modified.                          
Annotating cell sg13cmos5l_dlygate4sd2_1                                        
Cell sg13cmos5l_dlygate4sd2_1 port order was modified.                          
Annotating cell sg13cmos5l_dlygate4sd3_1                                        
Cell sg13cmos5l_dlygate4sd3_1 port order was modified.                          
Annotating cell sg13cmos5l_ebufn_2                                              
Cell sg13cmos5l_ebufn_2 port order was modified.                                
Annotating cell sg13cmos5l_ebufn_4                                              
Cell sg13cmos5l_ebufn_4 port order was modified.                                
Annotating cell sg13cmos5l_ebufn_8                                              
Cell sg13cmos5l_ebufn_8 port order was modified.                                
Annotating cell sg13cmos5l_einvn_2                                              
Cell sg13cmos5l_einvn_2 port order was modified.                                
Annotating cell sg13cmos5l_einvn_4                                              
Cell sg13cmos5l_einvn_4 port order was modified.                                
Annotating cell sg13cmos5l_einvn_8                                              
Cell sg13cmos5l_einvn_8 port order was modified.                                
Annotating cell sg13cmos5l_inv_1                                                
Cell sg13cmos5l_inv_1 port order was modified.                                  
Annotating cell sg13cmos5l_inv_16                                               
Cell sg13cmos5l_inv_16 port order was modified.                                 
Annotating cell sg13cmos5l_inv_2                                                
Cell sg13cmos5l_inv_2 port order was modified.                                  
Annotating cell sg13cmos5l_inv_4                                                
Cell sg13cmos5l_inv_4 port order was modified.                                  
Annotating cell sg13cmos5l_inv_8                                                
Cell sg13cmos5l_inv_8 port order was modified.                                  
Annotating cell sg13cmos5l_lgcp_1                                               
Cell sg13cmos5l_lgcp_1 port order was modified.                                 
Annotating cell sg13cmos5l_mux2_1                                               
Cell sg13cmos5l_mux2_1 port order was modified.                                 
Annotating cell sg13cmos5l_mux2_2                                               
Cell sg13cmos5l_mux2_2 port order was modified.                                 
Annotating cell sg13cmos5l_mux4_1                                               
Cell sg13cmos5l_mux4_1 port order was modified.                                 
Annotating cell sg13cmos5l_nand2_1                                              
Cell sg13cmos5l_nand2_1 port order was modified.                                
Annotating cell sg13cmos5l_nand2_2                                              
Cell sg13cmos5l_nand2_2 port order was modified.                                
Annotating cell sg13cmos5l_nand2b_1                                             
Cell sg13cmos5l_nand2b_1 port order was modified.                               
Annotating cell sg13cmos5l_nand2b_2                                             
Cell sg13cmos5l_nand2b_2 port order was modified.                               
Annotating cell sg13cmos5l_nand3_1                                              
Cell sg13cmos5l_nand3_1 port order was modified.                                
Annotating cell sg13cmos5l_nand3b_1                                             
Cell sg13cmos5l_nand3b_1 port order was modified.                               
Annotating cell sg13cmos5l_nand4_1                                              
Cell sg13cmos5l_nand4_1 port order was modified.                                
Annotating cell sg13cmos5l_nor2_1                                               
Cell sg13cmos5l_nor2_1 port order was modified.                                 
Annotating cell sg13cmos5l_nor2_2                                               
Cell sg13cmos5l_nor2_2 port order was modified.                                 
Annotating cell sg13cmos5l_nor2b_1                                              
Cell sg13cmos5l_nor2b_1 port order was modified.                                
Annotating cell sg13cmos5l_nor2b_2                                              
Cell sg13cmos5l_nor2b_2 port order was modified.                                
Annotating cell sg13cmos5l_nor3_1                                               
Cell sg13cmos5l_nor3_1 port order was modified.                                 
Annotating cell sg13cmos5l_nor3_2                                               
Cell sg13cmos5l_nor3_2 port order was modified.                                 
Annotating cell sg13cmos5l_nor4_1                                               
Cell sg13cmos5l_nor4_1 port order was modified.                                 
Annotating cell sg13cmos5l_nor4_2                                               
Cell sg13cmos5l_nor4_2 port order was modified.                                 
Annotating cell sg13cmos5l_o21ai_1                                              
Cell sg13cmos5l_o21ai_1 port order was modified.                                
Annotating cell sg13cmos5l_or2_1                                                
Cell sg13cmos5l_or2_1 port order was modified.                                  
Annotating cell sg13cmos5l_or2_2                                                
Cell sg13cmos5l_or2_2 port order was modified.                                  
Annotating cell sg13cmos5l_or3_1                                                
Cell sg13cmos5l_or3_1 port order was modified.                                  
Annotating cell sg13cmos5l_or3_2                                                
Cell sg13cmos5l_or3_2 port order was modified.                                  
Annotating cell sg13cmos5l_or4_1                                                
Cell sg13cmos5l_or4_1 port order was modified.                                  
Annotating cell sg13cmos5l_or4_2                                                
Cell sg13cmos5l_or4_2 port order was modified.                                  
Annotating cell sg13cmos5l_sdfbbp_1                                             
Cell sg13cmos5l_sdfbbp_1 port order was modified.                               
Annotating cell sg13cmos5l_sighold                                              
Cell sg13cmos5l_sighold port order was modified.                                
Annotating cell sg13cmos5l_slgcp_1                                              
Cell sg13cmos5l_slgcp_1 port order was modified.                                
Annotating cell sg13cmos5l_tiehi                                                
Cell sg13cmos5l_tiehi port order was modified.                                  
Annotating cell sg13cmos5l_tielo                                                
Cell sg13cmos5l_tielo port order was modified.                                  
Annotating cell sg13cmos5l_xnor2_1                                              
Cell sg13cmos5l_xnor2_1 port order was modified.                                
Annotating cell sg13cmos5l_xor2_1                                               
Cell sg13cmos5l_xor2_1 port order was modified.                                 
Annotating cell sg13cmos5l_a22oi_1                                              
Cell sg13cmos5l_a22oi_1 port order was modified.                                
Annotating cell sg13cmos5l_sdfrbpq_1                                            
Cell sg13cmos5l_sdfrbpq_1 port order was modified.                              
Annotating cell sg13cmos5l_sdfrbpq_2                                            
Cell sg13cmos5l_sdfrbpq_2 port order was modified.                              
Annotating cell sg13cmos5l_sdfrbp_2                                             
Cell sg13cmos5l_sdfrbp_2 port order was modified.                               
Annotating cell sg13cmos5l_sdfrbp_1                                             
Cell sg13cmos5l_sdfrbp_1 port order was modified.                               
Annotating cell sg13cmos5l_dfrbpq_2                                             
Cell sg13cmos5l_dfrbpq_2 port order was modified.                               
Annotating cell sg13cmos5l_dfrbpq_1                                             
Cell sg13cmos5l_dfrbpq_1 port order was modified.                               
Annotating cell sg13cmos5l_fill_1                                               
Cell sg13cmos5l_fill_1 port order was modified.                                 
Annotating cell sg13cmos5l_fill_2                                               
Cell sg13cmos5l_fill_2 port order was modified.                                 
Annotating cell sg13cmos5l_fill_4                                               
Cell sg13cmos5l_fill_4 port order was modified.                                 
Annotating cell sg13cmos5l_fill_8                                               
Cell sg13cmos5l_fill_8 port order was modified.                                 
RM_IHPSG13_1P_256x16_c2_bm_bist matched with the expression                     
'RM_IHPSG13_1P_256x16_c2_bm_bist'                                               
Warning:  Extract option "do unique" disabled because "extract unique" was run. 
Processing tt_um_sram_probe                                                     
Extracting sg13cmos5l_decap_8 into sg13cmos5l_decap_8.ext:                      
Extracting sg13cmos5l_antennanp into sg13cmos5l_antennanp.ext:                  
Extracting sg13cmos5l_decap_4 into sg13cmos5l_decap_4.ext:                      
Extracting sg13cmos5l_fill_2 into sg13cmos5l_fill_2.ext:                        
Extracting sg13cmos5l_tielo into sg13cmos5l_tielo.ext:                          
Extracting sg13cmos5l_fill_1 into sg13cmos5l_fill_1.ext:                        
Extracting sg13cmos5l_and2_1 into sg13cmos5l_and2_1.ext:                        
Extracting sg13cmos5l_tiehi into sg13cmos5l_tiehi.ext:                          
Extracting sg13cmos5l_dlygate4sd3_1 into sg13cmos5l_dlygate4sd3_1.ext:          
Extracting sg13cmos5l_nor2b_1 into sg13cmos5l_nor2b_1.ext:                      
Extracting RM_IHPSG13_1P_256x16_c2_bm_bist into                                 
RM_IHPSG13_1P_256x16_c2_bm_bist.ext:                                            
Extracting sg13cmos5l_buf_4 into sg13cmos5l_buf_4.ext:                          
Extracting sg13cmos5l_buf_1 into sg13cmos5l_buf_1.ext:                          
Extracting tt_um_sram_probe into tt_um_sram_probe.ext:                          
freeMagic called with NULL argument.                                            
tt_um_sram_probe: 2 errors                                                      
Total of 2 errors (check feedback entries).                                     
exttospice finished.                                                            
──────────────── Spice Extraction-based Illegal Overlap Checker ────────────────
[19:38:46] VERBOSE  Running 'Checker.IllegalOverlap' at             step.py:1138
                    'experiments/sram_flow_feasibility/runs/attempt             
                    -005-full/65-checker-illegaloverlap'…                       
[19:38:46] ERROR    2 Magic Illegal Overlap errors found. -       checker.py:124
                    deferred                                                    
────────────────────────────────── Netgen LVS ──────────────────────────────────
[19:38:46] VERBOSE  Running 'Netgen.LVS' at                         step.py:1138
                    'experiments/sram_flow_feasibility/runs/attempt             
                    -005-full/66-netgen-lvs'…                                   
[19:38:46] VERBOSE  Logging subprocess to                           step.py:1338
                    'experiments/sram_flow_feasibility/runs/attempt             
                    -005-full/66-netgen-lvs/netgen-lvs.log'…                    
Netgen 1.5.320 compiled on Sun Jun 14 23:19:29 UTC 2026                         
Warning: netgen command 'format' use fully-qualified name '::netgen::format'    
Warning: netgen command 'global' use fully-qualified name '::netgen::global'    
Warning:  A case-insensitive file has been read and so the      verilog file    
must be treated case-insensitive to match.                                      
Reading SPICE netlist file                                                      
'/home/wayne/devel/jane/hardcaml_asic/.toolchain/pdk/ihp-sg13cmos5l/libs.ref/sg1
3cmos5l_stdcell/spice/sg13cmos5l_stdcell.spice'...                              
Call to undefined subcircuit sg13_lv_nmos                                       
Creating placeholder cell definition.                                           
Call to undefined subcircuit sg13_lv_pmos                                       
Creating placeholder cell definition.                                           
Call to undefined subcircuit dantenna                                           
Creating placeholder cell definition.                                           
Call to undefined subcircuit dpantenna                                          
Creating placeholder cell definition.                                           
Reading SPICE netlist file                                                      
'/home/wayne/devel/jane/hardcaml_asic/.toolchain/pdk/ihp-sg13cmos5l/libs.ref/sg1
3cmos5l_io/spice/sg13cmos5l_io.spi'...                                          
Call to undefined subcircuit sg13_hv_nmos                                       
Creating placeholder cell definition.                                           
Call to undefined subcircuit sg13_hv_pmos                                       
Creating placeholder cell definition.                                           
Call to undefined subcircuit rppd                                               
Creating placeholder cell definition.                                           
Reading Verilog netlist file                                                    
'/home/wayne/devel/jane/hardcaml_asic/experiments/sram_flow_feasibility/runs/att
empt-005-full/52-openroad-fillinsertion/tt_um_sram_probe.pnl.v'...              
Warning:  A case-insensitive file has been read and so the      verilog file    
must be treated case-insensitive to match.                                      
Creating placeholder cell definition for module RM_IHPSG13_1P_256x16_c2_bm_bist.
Treating empty subcircuits as black-box cells                                   
Generating JSON file result                                                     
                                                                                
Reading setup file                                                              
/nix/store/6a08ghhhzl5a07nr0ly762yh1ah6m5bj-python3-3.13.13-env/lib/python3.13/s
ite-packages/librelane/scripts/netgen/setup.tcl                                 
                                                                                
Model rppd pin 1 == 2                                                           
No property b found for device rppd                                             
Model sg13_hv_nmos pin 1 == 3                                                   
No property ng found for device sg13_hv_nmos                                    
No property as found for device sg13_hv_nmos                                    
No property ad found for device sg13_hv_nmos                                    
No property pd found for device sg13_hv_nmos                                    
No property ps found for device sg13_hv_nmos                                    
No property trise found for device sg13_hv_nmos                                 
No property z1 found for device sg13_hv_nmos                                    
No property z2 found for device sg13_hv_nmos                                    
No property wmin found for device sg13_hv_nmos                                  
No property rfmode found for device sg13_hv_nmos                                
No property pre_layout found for device sg13_hv_nmos                            
Model sg13_hv_pmos pin 1 == 3                                                   
No property ng found for device sg13_hv_pmos                                    
No property as found for device sg13_hv_pmos                                    
No property ad found for device sg13_hv_pmos                                    
No property pd found for device sg13_hv_pmos                                    
No property ps found for device sg13_hv_pmos                                    
No property trise found for device sg13_hv_pmos                                 
No property z1 found for device sg13_hv_pmos                                    
No property z2 found for device sg13_hv_pmos                                    
No property wmin found for device sg13_hv_pmos                                  
No property rfmode found for device sg13_hv_pmos                                
No property pre_layout found for device sg13_hv_pmos                            
Model sg13_lv_nmos pin 1 == 3                                                   
No property trise found for device sg13_lv_nmos                                 
No property z1 found for device sg13_lv_nmos                                    
No property z2 found for device sg13_lv_nmos                                    
No property wmin found for device sg13_lv_nmos                                  
No property rfmode found for device sg13_lv_nmos                                
No property pre_layout found for device sg13_lv_nmos                            
Model sg13_lv_pmos pin 1 == 3                                                   
No property trise found for device sg13_lv_pmos                                 
No property z1 found for device sg13_lv_pmos                                    
No property z2 found for device sg13_lv_pmos                                    
No property wmin found for device sg13_lv_pmos                                  
No property rfmode found for device sg13_lv_pmos                                
No property pre_layout found for device sg13_lv_pmos                            
No property DEV_A found for device dantenna                                     
No property DEV_P found for device dantenna                                     
No property DEV_C found for device dantenna                                     
No property DEV_A found for device dpantenna                                    
No property DEV_P found for device dpantenna                                    
No property DEV_C found for device dpantenna                                    
Comparison output logged to file                                                
/home/wayne/devel/jane/hardcaml_asic/experiments/sram_flow_feasibility/runs/atte
mpt-005-full/66-netgen-lvs/reports/lvs.netgen.rpt                               
Logging to file                                                                 
"/home/wayne/devel/jane/hardcaml_asic/experiments/sram_flow_feasibility/runs/att
empt-005-full/66-netgen-lvs/reports/lvs.netgen.rpt" enabled                     
                                                                                
Contents of circuit 1:  Circuit: 'sg13cmos5l_decap_8'                           
Circuit sg13cmos5l_decap_8 contains 0 device instances.                         
Circuit contains 0 nets, and 2 disconnected pins.                               
Contents of circuit 2:  Circuit: 'sg13cmos5l_decap_8'                           
Circuit sg13cmos5l_decap_8 contains 2 device instances.                         
  Class: sg13_lv_pmos          instances:   1                                   
  Class: sg13_lv_nmos          instances:   1                                   
Circuit contains 2 nets.                                                        
                                                                                
Circuit sg13cmos5l_decap_8 contains no devices.                                 
                                                                                
Contents of circuit 1:  Circuit: 'sg13cmos5l_decap_4'                           
Circuit sg13cmos5l_decap_4 contains 0 device instances.                         
Circuit contains 0 nets, and 2 disconnected pins.                               
Contents of circuit 2:  Circuit: 'sg13cmos5l_decap_4'                           
Circuit sg13cmos5l_decap_4 contains 2 device instances.                         
  Class: sg13_lv_pmos          instances:   1                                   
  Class: sg13_lv_nmos          instances:   1                                   
Circuit contains 2 nets.                                                        
                                                                                
Circuit sg13cmos5l_decap_4 contains no devices.                                 
                                                                                
Contents of circuit 1:  Circuit: 'sg13cmos5l_buf_4'                             
Circuit sg13cmos5l_buf_4 contains 0 device instances.                           
Circuit contains 0 nets, and 4 disconnected pins.                               
Contents of circuit 2:  Circuit: 'sg13cmos5l_buf_4'                             
Circuit sg13cmos5l_buf_4 contains 4 device instances.                           
  Class: sg13_lv_pmos          instances:   2                                   
  Class: sg13_lv_nmos          instances:   2                                   
Circuit contains 5 nets.                                                        
                                                                                
Circuit sg13cmos5l_buf_4 contains no devices.                                   
                                                                                
Contents of circuit 1:  Circuit: 'sg13cmos5l_dlygate4sd3_1'                     
Circuit sg13cmos5l_dlygate4sd3_1 contains 0 device instances.                   
Circuit contains 0 nets, and 4 disconnected pins.                               
Contents of circuit 2:  Circuit: 'sg13cmos5l_dlygate4sd3_1'                     
Circuit sg13cmos5l_dlygate4sd3_1 contains 8 device instances.                   
  Class: sg13_lv_pmos          instances:   4                                   
  Class: sg13_lv_nmos          instances:   4                                   
Circuit contains 7 nets.                                                        
                                                                                
Circuit sg13cmos5l_dlygate4sd3_1 contains no devices.                           
                                                                                
Contents of circuit 1:  Circuit: 'sg13cmos5l_fill_2'                            
Circuit sg13cmos5l_fill_2 contains 0 device instances.                          
Circuit contains 0 nets, and 2 disconnected pins.                               
Contents of circuit 2:  Circuit: 'sg13cmos5l_fill_2'                            
Circuit sg13cmos5l_fill_2 contains 0 device instances.                          
Circuit contains 0 nets, and 2 disconnected pins.                               
                                                                                
Circuit sg13cmos5l_fill_2 contains no devices.                                  
                                                                                
Contents of circuit 1:  Circuit: 'sg13cmos5l_fill_1'                            
Circuit sg13cmos5l_fill_1 contains 0 device instances.                          
Circuit contains 0 nets, and 2 disconnected pins.                               
Contents of circuit 2:  Circuit: 'sg13cmos5l_fill_1'                            
Circuit sg13cmos5l_fill_1 contains 0 device instances.                          
Circuit contains 0 nets, and 2 disconnected pins.                               
                                                                                
Circuit sg13cmos5l_fill_1 contains no devices.                                  
                                                                                
Contents of circuit 1:  Circuit: 'RM_IHPSG13_1P_256x16_c2_bm_bist'              
Circuit RM_IHPSG13_1P_256x16_c2_bm_bist contains 0 device instances.            
Circuit contains 0 nets, and 109 disconnected pins.                             
Contents of circuit 2:  Circuit: 'RM_IHPSG13_1P_256x16_c2_bm_bist'              
Circuit RM_IHPSG13_1P_256x16_c2_bm_bist contains 0 device instances.            
Circuit contains 0 nets.                                                        
                                                                                
Circuit RM_IHPSG13_1P_256x16_c2_bm_bist contains no devices.                    
                                                                                
Contents of circuit 1:  Circuit: 'sg13cmos5l_tiehi'                             
Circuit sg13cmos5l_tiehi contains 0 device instances.                           
Circuit contains 0 nets, and 3 disconnected pins.                               
Contents of circuit 2:  Circuit: 'sg13cmos5l_tiehi'                             
Circuit sg13cmos5l_tiehi contains 4 device instances.                           
  Class: sg13_lv_pmos          instances:   2                                   
  Class: sg13_lv_nmos          instances:   2                                   
Circuit contains 6 nets.                                                        
                                                                                
Circuit sg13cmos5l_tiehi contains no devices.                                   
                                                                                
Contents of circuit 1:  Circuit: 'sg13cmos5l_tielo'                             
Circuit sg13cmos5l_tielo contains 0 device instances.                           
Circuit contains 0 nets, and 3 disconnected pins.                               
Contents of circuit 2:  Circuit: 'sg13cmos5l_tielo'                             
Circuit sg13cmos5l_tielo contains 4 device instances.                           
  Class: sg13_lv_pmos          instances:   2                                   
  Class: sg13_lv_nmos          instances:   2                                   
Circuit contains 6 nets.                                                        
                                                                                
Circuit sg13cmos5l_tielo contains no devices.                                   
                                                                                
Contents of circuit 1:  Circuit: 'sg13cmos5l_buf_1'                             
Circuit sg13cmos5l_buf_1 contains 0 device instances.                           
Circuit contains 0 nets, and 4 disconnected pins.                               
Contents of circuit 2:  Circuit: 'sg13cmos5l_buf_1'                             
Circuit sg13cmos5l_buf_1 contains 4 device instances.                           
  Class: sg13_lv_pmos          instances:   2                                   
  Class: sg13_lv_nmos          instances:   2                                   
Circuit contains 5 nets.                                                        
                                                                                
Circuit sg13cmos5l_buf_1 contains no devices.                                   
                                                                                
Contents of circuit 1:  Circuit: 'sg13cmos5l_and2_1'                            
Circuit sg13cmos5l_and2_1 contains 0 device instances.                          
Circuit contains 0 nets, and 5 disconnected pins.                               
Contents of circuit 2:  Circuit: 'sg13cmos5l_and2_1'                            
Circuit sg13cmos5l_and2_1 contains 6 device instances.                          
  Class: sg13_lv_pmos          instances:   3                                   
  Class: sg13_lv_nmos          instances:   3                                   
Circuit contains 7 nets.                                                        
                                                                                
Circuit sg13cmos5l_and2_1 contains no devices.                                  
                                                                                
Contents of circuit 1:  Circuit: 'sg13cmos5l_antennanp'                         
Circuit sg13cmos5l_antennanp contains 0 device instances.                       
Circuit contains 0 nets, and 3 disconnected pins.                               
Contents of circuit 2:  Circuit: 'sg13cmos5l_antennanp'                         
Circuit sg13cmos5l_antennanp contains 2 device instances.                       
  Class: dantenna              instances:   1                                   
  Class: dpantenna             instances:   1                                   
Circuit contains 3 nets.                                                        
                                                                                
Circuit sg13cmos5l_antennanp contains no devices.                               
                                                                                
Contents of circuit 1:  Circuit: 'sg13cmos5l_nor2b_1'                           
Circuit sg13cmos5l_nor2b_1 contains 0 device instances.                         
Circuit contains 0 nets, and 5 disconnected pins.                               
Contents of circuit 2:  Circuit: 'sg13cmos5l_nor2b_1'                           
Circuit sg13cmos5l_nor2b_1 contains 6 device instances.                         
  Class: sg13_lv_pmos          instances:   3                                   
  Class: sg13_lv_nmos          instances:   3                                   
Circuit contains 7 nets.                                                        
                                                                                
Circuit sg13cmos5l_nor2b_1 contains no devices.                                 
                                                                                
Contents of circuit 1:  Circuit: 'tt_um_sram_probe'                             
Circuit tt_um_sram_probe contains 68758 device instances.                       
  Class: sg13cmos5l_decap_8    instances: 68391                                 
  Class: RM_IHPSG13_1P_256x16_c2_bm_bist instances:   1                         
  Class: sg13cmos5l_buf_1      instances:  18                                   
  Class: sg13cmos5l_and2_1     instances:   2                                   
  Class: sg13cmos5l_buf_4      instances:  25                                   
  Class: sg13cmos5l_tielo      instances:  45                                   
  Class: sg13cmos5l_nor2b_1    instances:   1                                   
  Class: sg13cmos5l_fill_2     instances:  77                                   
  Class: sg13cmos5l_antennanp  instances:   2                                   
  Class: sg13cmos5l_decap_4    instances:  55                                   
  Class: sg13cmos5l_fill_1     instances:  54                                   
  Class: sg13cmos5l_dlygate4sd3_1 instances:  62                                
  Class: sg13cmos5l_tiehi      instances:  25                                   
Circuit contains 215 nets.                                                      
Contents of circuit 2:  Circuit: 'tt_um_sram_probe'                             
Circuit tt_um_sram_probe contains 68758 device instances.                       
  Class: sg13cmos5l_decap_8    instances: 68391                                 
  Class: RM_IHPSG13_1P_256x16_c2_bm_bist instances:   1                         
  Class: sg13cmos5l_buf_1      instances:  18                                   
  Class: sg13cmos5l_and2_1     instances:   2                                   
  Class: sg13cmos5l_buf_4      instances:  25                                   
  Class: sg13cmos5l_tielo      instances:  45                                   
  Class: sg13cmos5l_nor2b_1    instances:   1                                   
  Class: sg13cmos5l_fill_2     instances:  77                                   
  Class: sg13cmos5l_antennanp  instances:   2                                   
  Class: sg13cmos5l_decap_4    instances:  55                                   
  Class: sg13cmos5l_fill_1     instances:  54                                   
  Class: sg13cmos5l_dlygate4sd3_1 instances:  62                                
  Class: sg13cmos5l_tiehi      instances:  25                                   
Circuit contains 215 nets.                                                      
                                                                                
Circuit was modified by parallel/series device merging.                         
New circuit summary:                                                            
                                                                                
Contents of circuit 1:  Circuit: 'tt_um_sram_probe'                             
Circuit tt_um_sram_probe contains 185 device instances.                         
  Class: sg13cmos5l_decap_8    instances:   1                                   
  Class: RM_IHPSG13_1P_256x16_c2_bm_bist instances:   1                         
  Class: sg13cmos5l_buf_1      instances:  18                                   
  Class: sg13cmos5l_and2_1     instances:   2                                   
  Class: sg13cmos5l_buf_4      instances:  25                                   
  Class: sg13cmos5l_tielo      instances:  45                                   
  Class: sg13cmos5l_nor2b_1    instances:   1                                   
  Class: sg13cmos5l_fill_2     instances:   1                                   
  Class: sg13cmos5l_antennanp  instances:   2                                   
  Class: sg13cmos5l_decap_4    instances:   1                                   
  Class: sg13cmos5l_fill_1     instances:   1                                   
  Class: sg13cmos5l_dlygate4sd3_1 instances:  62                                
  Class: sg13cmos5l_tiehi      instances:  25                                   
Circuit contains 215 nets.                                                      
Contents of circuit 2:  Circuit: 'tt_um_sram_probe'                             
Circuit tt_um_sram_probe contains 185 device instances.                         
  Class: sg13cmos5l_decap_8    instances:   1                                   
  Class: RM_IHPSG13_1P_256x16_c2_bm_bist instances:   1                         
  Class: sg13cmos5l_buf_1      instances:  18                                   
  Class: sg13cmos5l_and2_1     instances:   2                                   
  Class: sg13cmos5l_buf_4      instances:  25                                   
  Class: sg13cmos5l_tielo      instances:  45                                   
  Class: sg13cmos5l_nor2b_1    instances:   1                                   
  Class: sg13cmos5l_fill_2     instances:   1                                   
  Class: sg13cmos5l_antennanp  instances:   2                                   
  Class: sg13cmos5l_decap_4    instances:   1                                   
  Class: sg13cmos5l_fill_1     instances:   1                                   
  Class: sg13cmos5l_dlygate4sd3_1 instances:  62                                
  Class: sg13cmos5l_tiehi      instances:  25                                   
Circuit contains 215 nets.                                                      
                                                                                
Circuit 1 contains 185 devices, Circuit 2 contains 185 devices.                 
Circuit 1 contains 215 nets,    Circuit 2 contains 215 nets.                    
                                                                                
                                                                                
Final result:                                                                   
Circuits match uniquely.                                                        
.                                                                               
Logging to file                                                                 
"/home/wayne/devel/jane/hardcaml_asic/experiments/sram_flow_feasibility/runs/att
empt-005-full/66-netgen-lvs/reports/lvs.netgen.rpt" disabled                    
LVS Done.                                                                       
────────────────────── Layout vs. Schematic Error Checker ──────────────────────
[19:38:48] VERBOSE  Running 'Checker.LVS' at                        step.py:1138
                    'experiments/sram_flow_feasibility/runs/attempt             
                    -005-full/67-checker-lvs'…                                  
[19:38:48] INFO     Check for LVS errors clear.                   checker.py:131
[19:38:48] INFO     Gating variable for step 'Yosys.EQY' set   sequential.py:362
                    to 'False'- the step will be skipped.                       
[19:38:48] INFO     Skipping step 'Equivalence Check'…         sequential.py:370
─────────────────────── Setup Timing Violations Checker ────────────────────────
[19:38:48] VERBOSE  Running 'Checker.SetupViolations' at            step.py:1138
                    'experiments/sram_flow_feasibility/runs/attempt             
                    -005-full/68-checker-setupviolations'…                      
[19:38:48] VERBOSE  No setup violations found                     checker.py:628
──────────────────────── Hold Timing Violations Checker ────────────────────────
[19:38:48] VERBOSE  Running 'Checker.HoldViolations' at             step.py:1138
                    'experiments/sram_flow_feasibility/runs/attempt             
                    -005-full/69-checker-holdviolations'…                       
[19:38:48] VERBOSE  No hold violations found                      checker.py:628
─────────────────────── Maximum Slew Violations Checker ────────────────────────
[19:38:48] VERBOSE  Running 'Checker.MaxSlewViolations' at          step.py:1138
                    'experiments/sram_flow_feasibility/runs/attempt             
                    -005-full/70-checker-maxslewviolations'…                    
[19:38:48] WARNING  Max Slew violations found in the following    checker.py:626
                    corners:                                                    
                    * nom_slow_1p08V_125C                                       
                    * nom_typ_1p20V_25C                                         
[19:38:48] VERBOSE  No max slew violations found                  checker.py:628
──────────────────── Maximum Capacitance Violations Checker ────────────────────
[19:38:48] VERBOSE  Running 'Checker.MaxCapViolations' at           step.py:1138
                    'experiments/sram_flow_feasibility/runs/attempt             
                    -005-full/71-checker-maxcapviolations'…                     
[19:38:48] WARNING  Max Cap violations found in the following     checker.py:626
                    corners:                                                    
                    * nom_fast_1p32V_m40C                                       
                    * nom_slow_1p08V_125C                                       
                    * nom_typ_1p20V_25C                                         
[19:38:48] VERBOSE  No max cap violations found                   checker.py:628
───────────────── Report Manufacturability (DRC, LVS, Antenna) ─────────────────
[19:38:48] VERBOSE  Running 'Misc.ReportManufacturability' at       step.py:1138
                    'experiments/sram_flow_feasibility/runs/attempt             
                    -005-full/72-misc-reportmanufacturability'…                 
[19:38:48] WARNING  klayout__drc_error__count not reported.          misc.py:102
                    KLayout.DRC may have been skipped.                          
* Antenna
Passed ✅

* LVS
Passed ✅

* DRC
Failed 𐄂
KLayout DRC errors: N/A
Magic DRC errors: 4
Check the report directories of KLayout.DRC and Magic.DRC.

[19:38:48] INFO     Saving views to                                 state.py:209
                    '/home/wayne/devel/jane/hardcaml_asic/experimen             
                    ts/sram_flow_feasibility/runs/attempt-005-full/             
                    final'…                                                     
Classic - Stage 80 - Report Manufacturability ━━━━━━━━━━━━━━━━━━━━ 80/80 0:05:06
[19:38:48] WARNING  The following warnings were generated by the     flow.py:699
                    flow:                                                       
[19:38:48] WARNING  Netlists found for macro                         flow.py:701
                    RM_IHPSG13_1P_256x16_c2_bm_bist, but no                     
                    parasitics extraction found at corner                       
                    nom_typ_1p20V_25C. The netlist cannot be used               
                    for timing on this module. (and 2 similar                   
                    warnings)                                                   
[19:38:48] WARNING  Netlists found for macro                         flow.py:701
                    RM_IHPSG13_1P_256x16_c2_bm_bist, but no                     
                    parasitics extraction found at corner                       
                    nom_fast_1p32V_m40C. The netlist cannot be used             
                    for timing on this module. (and 1 similar                   
                    warnings)                                                   
[19:38:48] WARNING  Netlists found for macro                         flow.py:701
                    RM_IHPSG13_1P_256x16_c2_bm_bist, but no                     
                    parasitics extraction found at corner                       
                    nom_slow_1p08V_125C. The netlist cannot be used             
                    for timing on this module. (and 1 similar                   
                    warnings)                                                   
[19:38:48] WARNING  [OpenROAD.Floorplan] [ORD-0032] Invalid thread   flow.py:701
                    number specification: None. (and 22 similar                 
                    warnings)                                                   
[19:38:48] WARNING  [OpenROAD.Floorplan] [STA-1140]                  flow.py:701
                    /home/wayne/devel/jane/hardcaml_asic/.toolchain/            
                    pdk/ihp-sg13cmos5l/libs.ref/sg13cmos5l_sram/lib/            
                    RM_IHPSG13_1P_256x16_c2_bm_bist_typ_1p20V_25C.li            
                    b line 20, library                                          
                    RM_IHPSG13_1P_256x16_c2_bm_bist_typ_1p20V_25C               
                    already exists. (and 33 similar warnings)                   
[19:38:48] WARNING  [Odb.ApplyDEFTemplate] Bterm VPWR is declared as flow.py:701
                    a 'POWER' pin. It will be ignored. (and 1                   
                    similar warnings)                                           
[19:38:48] WARNING  [OpenROAD.CTS] [CTS-0041] Net "clk" has 1 sinks. flow.py:701
                    Skipping...                                                 
[19:38:48] WARNING  [OpenROAD.CTS] [CTS-0083] No clock nets have     flow.py:701
                    been found.                                                 
[19:38:48] WARNING  [OpenROAD.CTS] [CTS-0082] No valid clock nets in flow.py:701
                    the design.                                                 
[19:38:48] WARNING  [OpenROAD.GlobalRouting] [GRT-0115] Global       flow.py:701
                    routing finished with congestion. Check the                 
                    congestion regions in the DRC Viewer.                       
[19:38:48] WARNING  [OpenROAD.DetailedRouting] [DRT-0349]            flow.py:701
                    LEF58_ENCLOSURE with no CUTCLASS is not                     
                    supported. Skipping for layer Cont (and 6                   
                    similar warnings)                                           
[19:38:48] WARNING  [Checker.WireLength] Threshold for               flow.py:701
                    Threshold-surpassing long wires is not set. The             
                    checker will be skipped.                                    
[19:38:48] WARNING  [OpenROAD.IRDropReport] 'VSRC_LOC_FILES' was not flow.py:701
                    given a value, which may make the results of IR             
                    drop analysis inaccurate. If you are not                    
                    integrating a top-level chip for manufacture,               
                    you may ignore this warning, otherwise, see the             
                    documentation for 'VSRC_LOC_FILES'.                         
[19:38:48] WARNING  [Checker.MaxSlewViolations] Max Slew violations  flow.py:701
                    found in the following corners:                             
                    * nom_slow_1p08V_125C                                       
                    * nom_typ_1p20V_25C                                         
[19:38:48] WARNING  [Checker.MaxCapViolations] Max Cap violations    flow.py:701
                    found in the following corners:                             
                    * nom_fast_1p32V_m40C                                       
                    * nom_slow_1p08V_125C                                       
                    * nom_typ_1p20V_25C                                         
[19:38:48] WARNING  [Misc.ReportManufacturability]                   flow.py:701
                    klayout__drc_error__count not reported.                     
                    KLayout.DRC may have been skipped.                          
[19:38:48] ERROR    The following error was encountered while    __main__.py:189
                    running the flow:                                           
                    One or more deferred errors were                            
                    encountered:                                                
                    4 Magic DRC errors found.                                   
                    2 Magic Illegal Overlap errors found.                       
[19:38:48] ERROR    LibreLane will now quit.                     __main__.py:190
